0,1.57,0.720576
5,-3.63,0.580628
10,-13.82,0.572043
15,-3.49,0.405368
20,6.59,0.345945
25,-14.23,0.563813
30,-11.69,0.482981
35,0.75,0.305201
40,10.88,0.283485
45,1.50,0.283738
50,12.96,0.263476
55,-2.65,0.287283
60,4.71,0.237003
65,20.61,0.207762
70,-11.65,0.488967
75,-9.70,0.403612
80,7.73,0.156060
85,19.54,0.136092
90,-2.11,0.196690
95,-1.94,0.228673
100,-13.01,0.526937
105,5.59,0.137613
110,-5.79,0.257526
115,-12.00,0.461032
120,-3.28,0.241966
125,2.66,0.149175
130,2.38,0.141449
135,21.90,0.156935
140,12.57,0.130762
145,22.56,0.113077
150,-3.82,0.219479
155,-4.56,0.227065
160,15.86,0.101520
165,8.52,0.110921
170,-2.48,0.179097
175,16.04,0.108082
180,-6.27,0.269209
185,-3.22,0.201392
190,9.89,0.099449
195,11.94,0.095113
200,14.04,0.093496
205,18.80,0.089766
210,23.91,0.088107
215,6.63,0.094734
220,3.59,0.104032
225,5.79,0.094411
230,10.34,0.085379
235,-11.73,0.427662
240,13.07,0.081360
245,14.81,0.081325
250,14.29,0.082113
255,-12.35,0.488033
260,-10.00,0.395251
265,1.93,0.122348
270,6.33,0.100524
275,15.15,0.083970
280,-1.84,0.163246
285,11.80,0.075875
290,15.23,0.068328
295,5.85,0.076818
300,-11.42,0.420895
305,20.64,0.051615
310,-9.78,0.359324
315,-8.14,0.313844
320,8.95,0.063648
325,-4.08,0.198375
330,-9.13,0.333761
335,14.95,0.045700
340,20.97,0.039038
345,-14.34,0.532684
350,-8.93,0.342382
355,21.40,0.054553
360,17.25,0.044321
365,21.69,0.031552
370,-7.67,0.291776
375,-2.53,0.163036
380,2.00,0.080690
385,14.92,0.032496
390,6.57,0.042816
395,7.54,0.037126
400,14.62,0.022911
405,-4.35,0.196642
410,12.06,0.022558
415,4.55,0.046048
420,7.46,0.028626
425,9.39,0.021652
430,12.42,0.016820
435,14.48,0.014367
440,22.39,0.015978
445,14.06,0.017204
450,-6.55,0.250067
455,-1.11,0.118846
460,-6.01,0.235211
465,17.59,0.024437
470,11.96,0.067983
475,23.70,0.035734
480,17.81,0.023777
485,16.39,0.022141
490,7.02,0.033801
495,-5.15,0.221433
500,23.73,0.018015
505,23.13,0.012680
510,22.25,0.012974
515,-5.08,0.212953
520,-7.37,0.279927
525,-14.95,0.548777
530,4.29,0.041575
535,-8.67,0.317217
540,8.25,0.019526
545,7.20,0.022162
550,5.16,0.033924
555,21.10,0.007008
560,-3.71,0.173897
565,3.31,0.047176
570,2.72,0.059133
575,14.04,0.008360
580,4.17,0.040061
585,16.79,0.006451
590,-13.57,0.482798
595,15.60,0.006862
600,12.12,0.008454
605,22.07,0.005235
610,-6.94,0.260879
615,24.97,0.012940
620,19.45,0.017343
625,19.77,0.009973
630,-5.78,0.227490
635,-0.86,0.109176
640,19.12,0.010566
645,22.63,0.011820
650,4.57,0.039469
655,20.93,0.008499
660,-11.51,0.428975
665,16.24,0.006782
670,9.21,0.013072
675,-10.64,0.382876
680,23.88,0.093588
685,20.66,0.018116
690,3.30,0.063559
695,16.35,0.021459
700,24.76,0.010798
705,23.31,0.012157
710,-6.60,0.261205
715,12.75,0.010978
720,1.03,0.078922
725,16.02,0.008521
730,8.91,0.018261
735,21.80,0.004973
740,19.92,0.007588
745,12.54,0.010066
750,-2.09,0.134026
755,3.39,0.051921
760,9.29,0.014319
765,9.66,0.013659
770,14.56,0.006166
775,-10.68,0.383911
780,14.80,0.005797
785,-13.71,0.491829
790,-14.96,0.539561
795,22.19,0.003250
800,17.71,0.003474
805,8.09,0.012667
810,-1.68,0.121562
815,-7.55,0.280347
820,-12.82,0.463788
825,8.54,0.015292
830,11.71,0.006132
835,-4.28,0.187877
840,18.18,0.004377
845,23.09,0.003468
850,7.44,0.016479
855,-11.80,0.435134
860,-12.42,0.461748
865,-8.20,0.310470
870,16.79,0.005981
875,14.79,0.006543
880,9.38,0.010028
885,14.94,0.004530
890,8.25,0.015743
895,17.62,0.012797
900,6.81,0.025673
905,-7.48,0.324030
910,5.83,0.034723
915,7.99,0.029259
920,8.67,0.028658
925,20.22,0.007318
930,-10.98,0.397316
935,-1.91,0.130105
940,-2.07,0.137901
945,-6.24,0.239003
950,17.21,0.015305
955,7.31,0.022563
960,19.96,0.006766
965,-5.89,0.232326
970,-10.62,0.388620
975,4.45,0.040170
980,11.53,0.006600
985,-11.52,0.420141
990,8.31,0.012098
995,-2.66,0.162313
1000,19.05,0.003045
1005,-10.04,0.391667
1010,24.51,0.003126
1015,2.28,0.062124
1020,5.04,0.032263
1025,-6.06,0.238702
1030,13.30,0.006230
1035,12.53,0.006335
1040,20.99,0.003231
1045,24.22,0.002158
1050,21.39,0.003148
1055,-9.45,0.347112
1060,-0.92,0.118661
1065,21.83,0.007160
1070,-14.52,0.531877
1075,3.42,0.046613
1080,24.20,0.002959
1085,-5.00,0.199741
1090,5.73,0.022708
1095,-9.53,0.353295
1100,4.30,0.036118
1105,17.20,0.001924
1110,-4.69,0.193499
1115,-10.87,0.383206
1120,-9.70,0.346008
1125,5.32,0.024739
1130,18.93,0.001523
1135,-1.98,0.124851
1140,18.99,0.001401
1145,9.54,0.008603
1150,9.94,0.007779
1155,1.59,0.067077
1160,-11.83,0.422351
1165,7.65,0.013130
1170,14.66,0.002028
1175,24.72,0.002163
1180,10.18,0.010408
1185,23.17,0.001738
1190,18.21,0.002126
1195,3.12,0.047460
1200,15.28,0.002589
1205,11.10,0.005151
1210,8.44,0.009930
1215,-3.94,0.170497
1220,-6.58,0.243583
1225,11.15,0.004002
1230,21.36,0.000988
1235,23.54,0.001074
1240,-8.51,0.308348
1245,17.25,0.001239
1250,6.67,0.018552
1255,-8.37,0.301570
1260,10.51,0.005732
1265,2.68,0.052096
1270,-13.53,0.477871
1275,0.16,0.089330
1280,6.90,0.020135
1285,6.31,0.028347
1290,2.70,0.054623
1295,14.02,0.004298
1300,-6.74,0.251519
1305,16.48,0.002699
1310,-10.45,0.378994
1315,8.60,0.008466
1320,-5.53,0.213336
1325,-7.20,0.268084
1330,-12.22,0.439355
1335,14.06,0.003739
1340,0.27,0.087635
1345,11.06,0.006738
1350,9.59,0.015690
1355,-6.66,0.252921
1360,-11.39,0.409505
1365,-14.12,0.499774
1370,12.42,0.026779
1375,19.99,0.011224
1380,-11.74,0.420889
1385,12.53,0.005928
1390,24.06,0.002715
1395,19.55,0.002373
1400,6.05,0.022057
1405,19.63,0.002048
1410,16.33,0.001994
1415,-6.63,0.244767
1420,-3.38,0.164368
1425,13.69,0.003929
1430,22.97,0.001280
1435,-7.64,0.283557
1440,7.94,0.016274
1445,-9.28,0.333910
1450,23.68,0.001692
1455,12.54,0.005034
1460,-6.27,0.238866
1465,12.97,0.003836
1470,-14.25,0.506511
1475,10.86,0.004617
1480,10.22,0.005632
1485,-7.46,0.270784
1490,9.20,0.008632
1495,-9.04,0.327113
1500,-9.22,0.333544
1505,6.05,0.020930
1510,3.55,0.042317
1515,-9.90,0.348682
1520,1.37,0.065351
1525,23.24,0.000857
1530,22.16,0.000969
1535,20.70,0.000773
1540,9.40,0.008147
1545,24.53,0.000844
1550,-7.21,0.262389
1555,1.18,0.072648
1560,-10.02,0.358638
1565,18.05,0.001280
1570,-1.96,0.123496
1575,15.53,0.001731
1580,12.20,0.003337
1585,8.84,0.007729
1590,11.70,0.002650
1595,1.14,0.069963
1600,-1.23,0.109457
1605,-12.30,0.440550
1610,20.53,0.000689
1615,-10.10,0.357081
1620,16.18,0.000932
1625,14.52,0.001242
1630,17.20,0.000806
1635,-10.75,0.382786
1640,9.36,0.006085
1645,11.75,0.002700
1650,-8.04,0.290760
1655,20.53,0.000965
1660,16.57,0.002318
1665,5.88,0.019742
1670,15.94,0.000877
1675,1.56,0.059790
1680,12.90,0.001959
1685,8.97,0.007485
1690,19.59,0.000715
1695,20.13,0.000654
1700,10.54,0.004981
1705,16.01,0.001078
1710,5.85,0.019564
1715,5.15,0.026001
1720,15.33,0.001648
1725,-9.91,0.359734
1730,11.87,0.003394
1735,-4.17,0.180126
1740,-13.15,0.467864
1745,-9.41,0.342786
1750,-12.30,0.436963
1755,21.09,0.021207
1760,4.74,0.033781
1765,0.70,0.078468
1770,9.55,0.010687
1775,15.87,0.003378
1780,-13.82,0.483811
1785,12.51,0.003683
1790,-4.29,0.180820
1795,0.68,0.075413
1800,-6.76,0.250852
1805,-13.93,0.494252
1810,3.92,0.036108
1815,-4.82,0.197839
1820,12.41,0.003761
1825,17.71,0.001453
1830,24.00,0.000956
1835,-11.56,0.407676
1840,-8.58,0.314127
1845,-5.39,0.209316
1850,13.06,0.002155
1855,-3.35,0.153919
1860,16.48,0.001521
1865,0.34,0.083445
1870,12.48,0.002453
1875,14.28,0.001339
1880,-12.32,0.438354
1885,3.43,0.041219
1890,4.73,0.031346
1895,1.07,0.071791
1900,-1.63,0.110353
1905,20.32,0.000536
1910,-0.60,0.097046
1915,-14.41,0.501464
1920,-0.52,0.098549
1925,-12.32,0.434768
1930,-10.70,0.384765
1935,16.63,0.000723
1940,-5.50,0.211077
1945,17.92,0.000642
1950,15.28,0.000951
1955,12.77,0.001540
1960,-10.87,0.387685
1965,6.73,0.015191
1970,1.66,0.065423
1975,-9.86,0.349407
1980,-4.50,0.184175
1985,-5.64,0.219359
1990,-10.47,0.369002
1995,-10.68,0.387663
2000,-6.14,0.231226
2005,-3.27,0.146162
2010,-2.66,0.135246
2015,-6.35,0.231593
2020,2.93,0.045469
2025,-6.79,0.252808
2030,15.37,0.000788
2035,0.53,0.074810
2040,11.51,0.002460
2045,-14.94,0.520411
2050,-7.15,0.265685
2055,-8.73,0.316562
2060,5.97,0.021134
2065,-0.06,0.083850
2070,14.78,0.001527
2075,-1.62,0.117366
2080,20.64,0.000580
2085,-2.98,0.148668
2090,0.33,0.081547
2095,8.01,0.015507
2100,12.91,0.003683
2105,-2.70,0.145657
2110,20.44,0.003321
2115,13.79,0.004215
2120,10.86,0.007919
2125,10.81,0.006296
2130,23.71,0.001452
2135,-1.76,0.122078
2140,23.79,0.001480
2145,-6.25,0.241425
2150,20.64,0.001651
2155,-6.44,0.261731
2160,18.90,0.002694
2165,11.21,0.007630
2170,-4.33,0.185078
2175,-0.09,0.089561
2180,-12.64,0.458583
2185,7.82,0.010824
2190,0.15,0.087420
2195,-6.60,0.250576
2200,2.94,0.047743
2205,19.61,0.001186
2210,0.77,0.077544
2215,15.27,0.001866
2220,0.45,0.080964
2225,22.46,0.000638
2230,-3.08,0.148897
2235,15.61,0.001268
2240,-4.17,0.177378
2245,-2.60,0.143937
2250,-4.92,0.196529
2255,10.68,0.003905
2260,4.48,0.031375
2265,22.01,0.000530
2270,-9.07,0.324066
2275,-6.29,0.235765
2280,12.49,0.003021
2285,15.32,0.001135
2290,-6.38,0.241574
2295,-2.12,0.127081
2300,16.51,0.000621
2305,14.73,0.000854
2310,1.33,0.064680
2315,0.26,0.080787
2320,2.43,0.047178
2325,0.82,0.074979
2330,18.38,0.000448
2335,0.53,0.077759
2340,-8.15,0.294087
2345,5.43,0.023641
2350,-5.88,0.217918
2355,-12.79,0.453092
2360,-12.59,0.452504
2365,-3.64,0.160487
2370,19.32,0.000455
2375,-8.04,0.292354
2380,6.20,0.016399
2385,-8.19,0.293610
2390,0.78,0.075076
2395,-12.78,0.449399
2400,-11.96,0.421662
2405,-14.80,0.516759
2410,-3.70,0.167269
2415,2.71,0.042834
2420,17.58,0.001110
2425,-9.99,0.353472
2430,20.13,0.000978
2435,24.22,0.032770
2440,-11.26,0.403682
2445,20.97,0.025250
2450,19.09,0.013208
2455,23.05,0.011122
2460,-1.57,0.139472
2465,24.83,0.004822
2470,-3.16,0.157586
2475,12.89,0.005612
2480,4.66,0.036445
2485,20.61,0.003071
2490,24.81,0.001699
2495,4.56,0.035178
2500,-7.81,0.297045
2505,17.88,0.004084
2510,9.71,0.008659
2515,18.22,0.001085
2520,-7.31,0.268553
2525,9.42,0.010346
2530,-2.84,0.146218
2535,6.50,0.022686
2540,2.49,0.070724
2545,16.82,0.003506
2550,-10.76,0.391365
2555,-6.27,0.237600
2560,1.05,0.095397
2565,-2.18,0.151511
2570,-3.48,0.185315
2575,10.24,0.108594
2580,-8.45,0.315131
2585,19.86,0.017577
2590,18.88,0.011995
2595,-1.89,0.133903
2600,0.38,0.088612
2605,-5.41,0.219401
2610,4.52,0.032466
2615,-12.58,0.447689
2620,10.51,0.007687
2625,-2.41,0.135358
2630,8.68,0.008554
2635,13.73,0.002171
2640,11.92,0.003816
2645,8.07,0.009359
2650,14.63,0.001086
2655,3.12,0.042979
2660,-1.80,0.125846
2665,-1.91,0.121152
2670,21.59,0.000322
2675,16.07,0.000691
2680,11.52,0.002210
2685,17.31,0.000446
2690,-3.68,0.165315
2695,1.56,0.061929
2700,17.71,0.000422
2705,-7.19,0.259851
2710,14.80,0.000888
2715,-14.92,0.521452
2720,14.22,0.000949
2725,-8.81,0.316099
2730,-5.65,0.219970
2735,-4.30,0.180501
2740,-2.24,0.126573
2745,-7.95,0.284587
2750,7.12,0.012472
2755,-1.09,0.108077
2760,7.81,0.009935
2765,7.71,0.013458
2770,-8.22,0.291084
2775,12.44,0.001717
2780,-6.88,0.255923
2785,8.82,0.006656
2790,8.74,0.007040
2795,3.72,0.035980
2800,-11.50,0.407988
2805,8.67,0.006798
2810,-14.99,0.522853
2815,1.18,0.066841
2820,14.66,0.000725
2825,-12.80,0.454938
2830,3.96,0.033176
2835,-1.15,0.109460
2840,1.54,0.061622
2845,-7.86,0.284343
2850,3.04,0.040696
2855,-2.83,0.138988
2860,-6.17,0.229245
2865,22.26,0.000202
2870,2.19,0.052642
2875,7.41,0.010372
2880,19.61,0.000236
2885,2.25,0.052022
2890,-6.45,0.243399
2895,-4.71,0.191091
2900,-7.65,0.275359
2905,1.54,0.056641
2910,11.98,0.001425
2915,-10.48,0.370345
2920,-4.15,0.177540
2925,20.80,0.000257
2930,3.02,0.045491
2935,-4.59,0.182575
2940,-10.14,0.362858
2945,-2.15,0.126836
2950,-8.58,0.302561
2955,7.38,0.010042
2960,15.75,0.000428
2965,-14.89,0.526789
2970,24.75,0.000376
2975,-9.79,0.354546
2980,5.33,0.021259
2985,21.38,0.000757
2990,15.35,0.000615
2995,-14.16,0.492297
3000,-10.23,0.366673
3005,-14.88,0.515357
3010,8.48,0.011717
3015,23.34,0.000204
3020,15.64,0.000584
3025,-3.79,0.162924
3030,5.87,0.018319
3035,7.92,0.009581
3040,22.63,0.000496
3045,23.39,0.000259
3050,-0.04,0.085622
3055,23.06,0.000328
3060,13.49,0.000777
3065,5.33,0.023937
3070,23.94,0.001059
3075,-8.92,0.320911
3080,-1.56,0.116436
3085,11.16,0.004140
3090,-11.16,0.394320
3095,5.75,0.019156
3100,-1.93,0.128593
3105,19.07,0.001433
3110,21.79,0.001169
3115,5.67,0.020118
3120,8.44,0.008505
3125,11.67,0.003483
3130,8.57,0.010750
3135,19.17,0.000408
3140,17.82,0.000407
3145,-3.00,0.143991
3150,13.14,0.001808
3155,6.05,0.021219
3160,0.53,0.079540
3165,9.84,0.004153
3170,22.09,0.000402
3175,11.26,0.003165
3180,24.19,0.000235
3185,0.99,0.070122
3190,23.30,0.000271
3195,-2.83,0.143137
3200,18.01,0.000386
3205,24.38,0.000588
3210,24.33,0.000293
3215,19.41,0.000255
3220,4.42,0.029479
3225,16.59,0.000379
3230,10.10,0.002888
3235,-2.33,0.132735
3240,11.70,0.002123
3245,-7.62,0.280783
3250,-8.94,0.318306
3255,2.18,0.048105
3260,-13.79,0.498321
3265,-10.22,0.360466
3270,1.37,0.062784
3275,12.30,0.001757
3280,-4.49,0.181933
3285,-0.00,0.082322
3290,18.41,0.000346
3295,20.09,0.000216
3300,10.03,0.003901
3305,15.22,0.000483
3310,24.61,0.000159
3315,4.01,0.031107
3320,-10.99,0.384205
3325,24.76,0.000146
3330,24.74,0.000209
3335,9.75,0.004942
3340,0.63,0.078309
3345,0.14,0.086803
3350,14.21,0.001079
3355,-9.65,0.347012
3360,2.10,0.056372
3365,9.99,0.005092
3370,19.48,0.000351
3375,22.20,0.000273
3380,5.36,0.020665
3385,13.53,0.000946
3390,16.44,0.000427
3395,5.75,0.017276
3400,9.41,0.003961
3405,10.20,0.002963
3410,20.64,0.000173
3415,-1.41,0.110242
3420,4.05,0.030097
3425,15.20,0.000464
3430,-9.01,0.326660
3435,24.34,0.000191
3440,3.07,0.040425
3445,-8.18,0.292771
3450,6.84,0.011868
3455,15.14,0.000421
3460,13.28,0.000898
3465,8.16,0.007626
3470,-10.52,0.369821
3475,2.47,0.053707
3480,17.33,0.000239
3485,14.97,0.000374
3490,18.57,0.000239
3495,12.77,0.001163
3500,13.12,0.000933
3505,15.40,0.000423
3510,-5.98,0.223684
3515,7.24,0.013208
3520,24.38,0.000258
3525,-1.81,0.124765
3530,4.88,0.035505
3535,21.60,0.001905
3540,-1.66,0.115680
3545,-2.18,0.128385
3550,-2.86,0.143982
3555,-1.50,0.109749
3560,12.00,0.002033
3565,20.54,0.000198
3570,-12.66,0.448002
3575,14.10,0.000871
3580,-12.66,0.441138
3585,13.94,0.001431
3590,-10.40,0.373558
3595,6.03,0.017709
3600,-5.31,0.202238
3605,22.05,0.000211
3610,-3.31,0.153598
3615,12.90,0.001046
3620,24.97,0.000118
3625,23.96,0.000142
3630,-1.78,0.121193
3635,-9.06,0.324514
3640,1.66,0.054104
3645,3.80,0.035732
3650,-10.70,0.383089
3655,23.63,0.000116
3660,4.80,0.023308
3665,12.13,0.001619
3670,13.71,0.001083
3675,-14.32,0.501813
3680,7.43,0.011029
3685,20.50,0.000203
3690,5.36,0.022194
3695,-11.84,0.417370
3700,-0.20,0.086669
3705,5.19,0.024103
3710,2.07,0.055184
3715,-1.39,0.108889
3720,-13.52,0.478824
3725,22.71,0.000232
3730,-7.86,0.285835
3735,-13.08,0.458331
3740,22.52,0.000138
3745,13.86,0.000782
3750,5.00,0.021779
3755,5.14,0.022014
3760,18.14,0.000249
3765,21.77,0.000132
3770,10.79,0.002733
3775,19.80,0.000153
3780,8.23,0.007891
3785,18.85,0.000207
3790,14.88,0.000342
3795,-3.07,0.143305
3800,-6.18,0.226752
3805,0.13,0.082577
3810,-5.34,0.199976
3815,5.52,0.020168
3820,-9.97,0.351485
3825,13.11,0.001044
3830,-1.03,0.104637
3835,0.42,0.079708
3840,9.09,0.005182
3845,8.64,0.011123
3850,-10.07,0.355152
3855,18.91,0.000844
3860,15.95,0.000781
3865,-4.46,0.186091
3870,-10.89,0.378465
3875,9.05,0.007059
3880,22.78,0.000202
3885,6.06,0.018609
3890,-13.94,0.489219
3895,8.24,0.009613
3900,15.27,0.000685
3905,7.17,0.011591
3910,16.40,0.000235
3915,20.72,0.000176
3920,-7.11,0.260440
3925,0.54,0.075197
3930,-2.12,0.126724
3935,5.18,0.022124
3940,13.55,0.000732
3945,-12.73,0.443678
3950,20.49,0.000129
3955,-2.29,0.127802
3960,-8.16,0.292757
3965,14.89,0.000416
3970,17.72,0.000160
3975,-9.58,0.343255
3980,1.17,0.066032
3985,-13.57,0.478447
3990,7.81,0.009633
3995,-12.44,0.443251
4000,-12.96,0.457588
4005,1.95,0.058040
4010,22.75,0.000154
4015,6.61,0.012895
4020,2.65,0.044537
4025,8.97,0.006433
4030,21.17,0.000172
4035,-14.23,0.494167
4040,-3.96,0.175105
4045,9.04,0.006360
4050,12.49,0.002934
4055,6.85,0.012974
4060,4.93,0.021374
4065,-1.00,0.103989
4070,9.92,0.003481
4075,-5.77,0.228005
4080,15.58,0.057017
4085,-7.25,0.327195
4090,-2.79,0.181842
4095,-3.20,0.174949
4100,3.00,0.124938
4105,24.88,0.084990
4110,19.58,0.081821
4115,14.90,0.084531
4120,13.76,0.058870
4125,18.33,0.100712
4130,-4.73,0.233559
4135,3.03,0.105984
4140,-12.07,0.452850
4145,-8.68,0.345761
4150,16.85,0.030265
4155,18.26,0.028977
4160,21.37,0.020952
4165,19.23,0.009600
4170,13.50,0.008170
4175,-5.98,0.260967
4180,0.19,0.142039
4185,1.84,0.105834
4190,22.49,0.073270
4195,-1.07,0.133380
4200,-8.79,0.338974
4205,0.22,0.100971
4210,-2.50,0.145946
4215,9.41,0.021354
4220,-4.70,0.201885
4225,-8.26,0.299438
4230,-10.37,0.371294
4235,-11.03,0.397247
4240,9.15,0.012384
4245,5.82,0.025385
4250,3.51,0.042232
4255,10.40,0.005250
4260,16.67,0.001573
4265,15.22,0.001309
4270,22.20,0.000942
4275,-7.19,0.261706
4280,0.01,0.087498
4285,17.66,0.000840
4290,-12.59,0.442988
4295,20.91,0.000513
4300,8.72,0.007569
4305,-13.53,0.477622
4310,21.04,0.000354
4315,0.16,0.082245
4320,-0.57,0.092597
4325,-14.99,0.529559
4330,4.96,0.024047
4335,12.40,0.001515
4340,24.73,0.000399
4345,11.73,0.002085
4350,21.95,0.000305
4355,1.21,0.065471
4360,-9.83,0.355291
4365,16.83,0.000528
4370,20.50,0.000374
4375,13.72,0.000914
4380,11.63,0.002254
4385,-2.08,0.127928
4390,24.03,0.000223
4395,-3.95,0.167526
4400,16.47,0.000422
4405,0.20,0.087537
4410,9.43,0.004881
4415,20.23,0.000240
4420,-3.29,0.154274
4425,-2.52,0.133498
4430,14.35,0.000625
4435,21.47,0.000182
4440,-13.20,0.472289
4445,10.75,0.002814
4450,14.48,0.000573
4455,-13.10,0.464347
4460,23.19,0.000204
4465,20.22,0.000211
4470,22.92,0.000275
4475,14.02,0.000765
4480,21.44,0.000501
4485,0.04,0.089988
4490,21.55,0.000234
4495,7.27,0.013902
4500,20.06,0.000265
4505,-11.03,0.395134
4510,-11.58,0.411031
4515,3.50,0.036909
4520,12.99,0.002430
4525,11.06,0.003257
4530,11.32,0.002481
4535,11.59,0.002029
4540,-7.31,0.271454
4545,17.85,0.000228
4550,-7.87,0.287362
4555,-5.28,0.207516
4560,-7.24,0.267700
4565,4.59,0.028056
4570,24.38,0.000120
4575,-10.56,0.371884
4580,0.51,0.076752
4585,-6.00,0.224342
4590,3.21,0.040017
4595,-14.91,0.520779
4600,-9.09,0.327769
4605,-10.24,0.367119
4610,4.16,0.029064
4615,14.89,0.000355
4620,-10.70,0.384243
4625,-0.03,0.085903
4630,-11.92,0.420866
4635,-13.30,0.465286
4640,20.31,0.000123
4645,19.23,0.000203
4650,19.93,0.000111
4655,-2.03,0.124749
4660,17.93,0.000204
4665,10.53,0.002972
4670,-0.68,0.100445
4675,14.46,0.000874
4680,-3.86,0.169148
4685,-13.71,0.479723
4690,-1.67,0.113602
4695,5.32,0.021839
4700,22.82,0.000295
4705,12.55,0.001436
4710,10.78,0.003006
4715,0.21,0.083471
4720,-3.75,0.166016
4725,7.44,0.015906
4730,13.79,0.001827
4735,3.92,0.036148
4740,18.38,0.000392
4745,18.11,0.000258
4750,11.65,0.002117
4755,-12.68,0.452913
4760,-2.60,0.136081
4765,2.77,0.047255
4770,10.59,0.003320
4775,23.75,0.000097
4780,-7.67,0.276772
4785,7.39,0.012780
4790,-1.33,0.111082
4795,17.00,0.000206
4800,22.20,0.000783
4805,19.90,0.000131
4810,-11.65,0.412042
4815,6.38,0.015262
4820,4.74,0.023694
4825,-5.41,0.210260
4830,-8.49,0.303195
4835,1.22,0.063747
4840,10.91,0.001587
4845,-8.30,0.298260
4850,5.49,0.023236
4855,12.92,0.002926
4860,3.53,0.037719
4865,-12.43,0.442814
4870,-5.38,0.202676
4875,16.61,0.000583
4880,7.40,0.013317
4885,22.33,0.000196
4890,10.61,0.002782
4895,13.76,0.000634
4900,3.59,0.036502
4905,12.08,0.001608
4910,12.91,0.001006
4915,-12.86,0.449194
4920,17.63,0.000119
4925,19.03,0.000211
4930,-10.84,0.383096
4935,-3.74,0.164605
4940,6.55,0.013736
4945,0.07,0.085422
4950,-9.82,0.347281
4955,-6.38,0.238958
4960,-2.56,0.130963
4965,11.12,0.002598
4970,-2.21,0.123871
4975,7.47,0.009355
4980,-6.51,0.241916
4985,24.87,0.000082
4990,-9.59,0.341440
4995,2.19,0.048174
5000,-2.87,0.146047
5005,-13.00,0.459986
5010,7.52,0.008400
5015,-5.88,0.220994
5020,5.94,0.017810
5025,-13.32,0.463672
5030,-12.33,0.427289
5035,14.57,0.000302
5040,17.64,0.000119
5045,-4.33,0.179410
5050,24.32,0.000060
5055,19.40,0.000074
5060,-8.01,0.284059
5065,18.02,0.000131
5070,7.67,0.008600
5075,-9.37,0.332373
5080,-1.24,0.111285
5085,-12.21,0.425328
5090,4.12,0.030460
5095,-10.46,0.369843
5100,-14.25,0.492014
5105,21.12,0.000099
5110,7.49,0.009955
5115,20.24,0.000089
5120,8.39,0.006586
5125,17.83,0.000117
5130,-5.33,0.208271
5135,19.31,0.000071
5140,18.86,0.000092
5145,13.14,0.000554
5150,21.07,0.000385
5155,5.19,0.020260
5160,2.82,0.048735
5165,6.76,0.013039
5170,22.16,0.000107
5175,18.52,0.000168
5180,-14.70,0.518305
5185,11.68,0.001800
5190,19.32,0.000091
5195,21.59,0.000052
5200,-11.67,0.410708
5205,0.15,0.077665
5210,13.96,0.000659
5215,1.97,0.055216
5220,19.74,0.000129
5225,-11.70,0.417334
5230,11.27,0.001988
5235,5.21,0.024039
5240,11.05,0.002490
5245,11.04,0.001712
5250,0.62,0.073500
5255,-10.01,0.361740
5260,-6.40,0.239925
5265,4.32,0.030615
5270,23.76,0.000088
5275,23.73,0.000052
5280,-2.45,0.137898
5285,13.35,0.000771
5290,17.93,0.001855
5295,22.22,0.000788
5300,16.60,0.000826
5305,19.05,0.000330
5310,24.87,0.000634
5315,21.01,0.000127
5320,4.55,0.028890
5325,-0.09,0.090442
5330,-6.44,0.241851
5335,15.42,0.000308
5340,22.78,0.000127
5345,21.99,0.000066
5350,22.96,0.000060
5355,23.40,0.000057
5360,8.80,0.005211
5365,17.99,0.000120
5370,6.77,0.014710
5375,0.18,0.078981
5380,12.21,0.001375
5385,-5.58,0.220410
5390,2.15,0.054127
5395,-13.51,0.476324
5400,-8.81,0.313540
5405,-5.37,0.208799
5410,-1.10,0.105521
5415,-7.92,0.282692
5420,-0.49,0.091673
5425,3.07,0.048646
5430,5.35,0.021253
5435,10.03,0.031349
5440,21.91,0.089659
5445,19.42,0.063047
5450,7.05,0.042327
5455,2.86,0.059078
5460,4.90,0.032740
5465,23.62,0.004727
5470,13.04,0.004220
5475,-0.39,0.099754
5480,-8.61,0.308802
5485,4.25,0.034518
5490,5.99,0.020699
5495,-1.93,0.127819
5500,-11.61,0.414269
5505,-8.51,0.303772
5510,-14.79,0.517313
5515,12.01,0.001936
5520,16.40,0.000762
5525,23.70,0.000214
5530,17.08,0.000247
5535,12.62,0.001289
5540,20.50,0.000129
5545,5.92,0.017907
5550,-6.01,0.223442
5555,18.88,0.000125
5560,7.29,0.010321
5565,-9.31,0.336315
5570,19.02,0.000139
5575,-10.66,0.377508
5580,-8.22,0.303836
5585,-1.02,0.100953
5590,11.92,0.001224
5595,23.39,0.000068
5600,7.09,0.012629
5605,2.22,0.053131
5610,2.32,0.047783
5615,9.89,0.003224
5620,-1.23,0.101138
5625,-5.57,0.215105
5630,1.95,0.053279
5635,1.96,0.054740
5640,11.11,0.001677
5645,10.95,0.001798
5650,15.76,0.000218
5655,23.66,0.000054
5660,-11.09,0.394488
5665,-6.08,0.236113
5670,-2.97,0.146691
5675,2.35,0.046500
5680,6.83,0.012722
5685,-2.78,0.138737
5690,2.38,0.046373
5695,6.78,0.013099
5700,9.95,0.002860
5705,24.84,0.000051
5710,11.06,0.001945
5715,-3.63,0.156228
5720,23.63,0.000052
5725,7.31,0.009200
5730,21.09,0.000103
5735,14.14,0.000422
5740,1.51,0.062046
5745,19.56,0.000068
5750,21.97,0.000044
5755,-8.72,0.312508
5760,-6.15,0.228850
5765,20.43,0.000062
5770,-14.30,0.497213
5775,-6.18,0.228930
5780,13.35,0.000620
5785,5.19,0.022738
5790,20.93,0.000050
5795,22.91,0.000034
5800,-10.24,0.366264
5805,8.35,0.007394
5810,9.49,0.004490
5815,-7.85,0.283163
5820,2.64,0.049250
5825,0.68,0.079244
5830,-12.69,0.450053
5835,12.48,0.001168
5840,-1.46,0.109473
5845,9.32,0.004208
5850,12.56,0.000951
5855,13.92,0.000475
5860,-6.81,0.248093
5865,10.16,0.002731
5870,-4.07,0.170339
5875,-0.18,0.085140
5880,-11.64,0.404968
5885,-4.57,0.183558
5890,-11.35,0.404136
5895,7.73,0.007931
5900,-6.95,0.254631
5905,-12.52,0.436892
5910,8.80,0.005648
5915,-0.95,0.095259
5920,19.52,0.000063
5925,13.96,0.000406
5930,6.59,0.014357
5935,18.21,0.000067
5940,15.41,0.000165
5945,19.81,0.000046
5950,17.16,0.000100
5955,21.90,0.001343
5960,-1.98,0.124351
5965,5.82,0.026561
5970,12.57,0.001926
5975,-13.16,0.470496
5980,6.84,0.028240
5985,-11.61,0.417258
5990,13.86,0.001453
5995,12.85,0.001618
6000,22.57,0.000182
6005,-8.94,0.317896
6010,2.83,0.047031
6015,14.90,0.000936
6020,21.73,0.000134
6025,-6.72,0.253821
6030,4.46,0.027119
6035,7.08,0.012288
6040,16.81,0.000165
6045,6.50,0.015803
6050,7.53,0.008676
6055,15.23,0.000254
6060,10.02,0.003611
6065,16.32,0.000147
6070,21.35,0.000050
6075,-8.02,0.296484
6080,-2.32,0.126672
6085,7.87,0.008758
6090,5.36,0.020865
6095,4.08,0.031550
6100,17.81,0.000121
6105,-4.49,0.179835
6110,24.04,0.000030
6115,-1.47,0.110071
6120,21.66,0.000054
6125,-12.49,0.440555
6130,-3.19,0.148957
6135,4.61,0.028010
6140,-5.51,0.209943
6145,-9.33,0.330631
6150,-11.71,0.413745
6155,16.24,0.000152
6160,22.62,0.000034
6165,20.34,0.000044
6170,0.78,0.072047
6175,6.09,0.016408
6180,4.68,0.024164
6185,-13.79,0.485297
6190,6.15,0.017187
6195,-6.69,0.243852
6200,-8.35,0.296528
6205,20.60,0.000038
6210,-4.87,0.196130
6215,1.99,0.052065
6220,13.74,0.000487
6225,-4.39,0.178111
6230,-1.96,0.119270
6235,5.60,0.018358
6240,-1.28,0.107516
6245,-2.21,0.122946
6250,-12.64,0.448663
6255,-10.31,0.366196
6260,17.67,0.000088
6265,13.51,0.000434
6270,6.46,0.015920
6275,15.08,0.000193
6280,-2.02,0.121977
6285,23.57,0.000037
6290,-13.91,0.490866
6295,2.09,0.052310
6300,-7.43,0.268749
6305,-11.26,0.397333
6310,22.70,0.000035
6315,-11.70,0.409493
6320,1.28,0.061668
6325,10.20,0.003702
6330,3.65,0.034449
6335,24.41,0.000042
6340,-10.11,0.359527
6345,14.62,0.000504
6350,20.39,0.000061
6355,20.73,0.000080
6360,4.48,0.028311
6365,21.78,0.000107
6370,-2.79,0.136888
6375,24.49,0.000084
6380,22.03,0.000052
6385,4.42,0.029826
6390,-0.27,0.101087
6395,-14.67,0.520908
6400,17.82,0.001668
6405,18.26,0.030590
6410,18.62,0.023231
6415,0.96,0.088352
6420,-10.90,0.406684
6425,-1.98,0.128439
6430,14.76,0.003540
6435,22.83,0.001299
6440,-13.85,0.512896
6445,24.09,0.004518
6450,20.43,0.003473
6455,-3.24,0.160689
6460,-6.99,0.259919
6465,17.15,0.000877
6470,-8.51,0.302073
6475,7.29,0.012499
6480,1.72,0.059793
6485,0.85,0.072056
6490,-14.04,0.494767
6495,16.16,0.000660
6500,-4.08,0.167673
6505,-1.97,0.126199
6510,19.59,0.001207
6515,-10.95,0.389815
6520,-7.89,0.279283
6525,-13.44,0.466801
6530,7.34,0.013329
6535,-7.08,0.256477
6540,-2.79,0.136643
6545,14.08,0.000678
6550,5.00,0.024665
6555,1.79,0.056409
6560,15.27,0.000464
6565,17.88,0.000119
6570,18.47,0.000097
6575,9.74,0.003368
6580,-9.47,0.334931
6585,14.34,0.000602
6590,20.45,0.000067
6595,10.23,0.003245
6600,21.16,0.000055
6605,-0.28,0.087647
6610,21.84,0.000049
6615,10.78,0.002030
6620,23.57,0.000046
6625,-12.25,0.435802
6630,-11.42,0.401830
6635,14.36,0.000342
6640,-11.30,0.414243
6645,7.35,0.010303
6650,8.24,0.007367
6655,1.37,0.061522
6660,12.32,0.001532
6665,12.65,0.001049
6670,2.00,0.056922
6675,-1.58,0.120597
6680,-13.90,0.489935
6685,-5.82,0.219139
6690,18.39,0.000091
6695,11.94,0.001254
6700,13.19,0.000647
6705,12.44,0.000974
6710,24.21,0.000044
6715,-3.29,0.147808
6720,12.80,0.000803
6725,-11.34,0.407589
6730,-9.52,0.342081
6735,7.59,0.008752
6740,5.71,0.017842
6745,8.96,0.004624
6750,1.00,0.069206
6755,4.92,0.023622
6760,-14.53,0.514396
6765,-11.75,0.414243
6770,-0.37,0.090726
6775,-14.03,0.483621
6780,22.36,0.000040
6785,10.42,0.002647
6790,-5.50,0.210196
6795,-10.66,0.379361
6800,2.28,0.049342
6805,-10.62,0.372836
6810,0.54,0.074489
6815,-14.14,0.490557
6820,13.50,0.000404
6825,-14.44,0.504408
6830,5.91,0.017526
6835,-13.90,0.493951
6840,0.16,0.076907
6845,23.82,0.000050
6850,-0.92,0.095493
6855,-3.47,0.158184
6860,14.59,0.000207
6865,11.81,0.001359
6870,-2.06,0.121483
6875,-11.73,0.410993
6880,13.79,0.000425
6885,3.24,0.035117
6890,13.09,0.000747
6895,21.45,0.000044
6900,14.33,0.000335
6905,5.83,0.018210
6910,0.66,0.075709
6915,-13.85,0.477503
6920,9.18,0.004172
6925,5.17,0.021334
6930,19.96,0.000057
6935,5.38,0.020738
6940,4.48,0.029062
6945,7.00,0.010944
6950,22.80,0.000038
6955,-13.13,0.464232
6960,-8.37,0.292544
6965,1.34,0.061255
6970,-8.58,0.308778
6975,-0.35,0.088059
6980,14.31,0.000330
6985,15.48,0.000205
6990,9.68,0.004301
6995,12.13,0.001251
7000,3.12,0.039753
7005,20.15,0.000056
7010,19.59,0.000047
7015,-10.88,0.384762
7020,18.57,0.000090
7025,-11.85,0.415378
7030,0.18,0.076722
7035,-7.27,0.269383
7040,17.48,0.000126
7045,13.90,0.000430
7050,7.97,0.013045
7055,0.42,0.083882
7060,16.06,0.000272
7065,4.49,0.026349
7070,21.25,0.000208
7075,-14.59,0.503874
7080,-8.77,0.308330
7085,2.72,0.041981
7090,13.36,0.000659
7095,19.25,0.000075
7100,-5.06,0.195345
7105,-8.38,0.295890
7110,18.05,0.000072
7115,-12.79,0.455659
7120,-0.12,0.084960
7125,-2.35,0.125268
7130,19.56,0.000068
7135,11.02,0.001948
7140,-8.51,0.299478
7145,-4.30,0.173290
7150,4.99,0.022282
7155,-5.28,0.200245
7160,-0.25,0.090595
7165,0.72,0.072282
7170,21.88,0.000038
7175,5.78,0.015823
7180,2.32,0.050270
7185,-13.63,0.472107
7190,-10.71,0.378246
7195,3.60,0.032021
7200,6.21,0.014454
7205,18.03,0.000148
7210,-8.50,0.305794
7215,19.70,0.000042
7220,3.82,0.032126
7225,11.15,0.002070
7230,0.77,0.068093
7235,12.88,0.000504
7240,-10.53,0.374939
7245,21.63,0.000041
7250,19.73,0.000098
7255,-5.27,0.204903
7260,0.52,0.073022
7265,-6.47,0.241640
7270,-3.42,0.156310
7275,10.74,0.002780
7280,14.02,0.000500
7285,-11.99,0.419100
7290,10.14,0.002889
7295,10.43,0.002794
7300,-8.63,0.307863
7305,20.80,0.000285
7310,12.61,0.001125
7315,1.67,0.058218
7320,-13.78,0.484276
7325,8.60,0.010303
7330,12.60,0.001622
7335,16.75,0.001099
7340,-5.41,0.211980
7345,-10.61,0.369955
7350,-7.49,0.271832
7355,-1.73,0.121528
7360,17.98,0.000225
7365,-7.54,0.268948
7370,-11.85,0.418065
7375,17.88,0.000099
7380,-1.02,0.106890
7385,-12.81,0.451054
7390,6.16,0.021541
7395,-7.03,0.256919
7400,-0.19,0.087966
7405,-11.68,0.408800
7410,2.16,0.050688
7415,-6.26,0.235464
7420,-12.42,0.437945
7425,22.15,0.000032
7430,10.79,0.002041
7435,14.94,0.000407
7440,-14.95,0.525530
7445,5.27,0.022270
7450,-9.94,0.356273
7455,6.42,0.015829
7460,-3.45,0.158048
7465,-0.74,0.098133
7470,-10.90,0.394479
7475,10.97,0.003237
7480,21.64,0.000051
7485,2.57,0.043725
7490,22.63,0.000131
7495,24.56,0.000037
7500,4.93,0.021458
7505,21.39,0.000051
7510,10.67,0.002101
7515,3.18,0.036476
7520,1.50,0.062784
7525,1.02,0.067477
7530,-12.19,0.420599
7535,22.40,0.000024
7540,11.86,0.001282
7545,18.02,0.000076
7550,-3.24,0.149212
7555,16.02,0.000143
7560,-8.41,0.304989
7565,-10.00,0.360113
7570,15.44,0.000230
7575,-3.60,0.153721
7580,-12.49,0.440535
7585,23.80,0.000109
7590,2.48,0.055677
7595,-2.95,0.143081
7600,-11.18,0.389289
7605,-6.45,0.238594
7610,14.42,0.000425
7615,14.53,0.001341
7620,-14.46,0.500861
7625,18.46,0.000341
7630,-12.47,0.443696
7635,1.22,0.065441
7640,20.00,0.000131
7645,-1.57,0.117894
7650,21.16,0.000309
7655,22.29,0.000445
7660,16.90,0.000276
7665,-4.74,0.189766
7670,13.76,0.000803
7675,-2.13,0.122614
7680,-0.47,0.093253
7685,7.87,0.007593
7690,19.31,0.000066
7695,3.24,0.042218
7700,6.51,0.014652
7705,-13.37,0.463010
7710,-0.60,0.096968
7715,15.82,0.000229
7720,-9.86,0.356601
7725,-14.97,0.523266
7730,6.19,0.013961
7735,14.53,0.000482
7740,-3.23,0.148969
7745,9.25,0.003763
7750,8.53,0.007010
7755,7.84,0.008892
7760,6.56,0.014945
7765,21.95,0.000065
7770,-9.85,0.351943
7775,23.48,0.000038
7780,15.33,0.000151
7785,2.87,0.042450
7790,0.51,0.071507
7795,7.80,0.009141
7800,5.79,0.018416
7805,14.36,0.000472
7810,5.07,0.026632
7815,21.10,0.000114
7820,24.15,0.000717
7825,-1.13,0.102829
7830,8.98,0.004919
7835,4.67,0.023483
7840,-2.30,0.126632
7845,9.75,0.003451
7850,7.13,0.011484
7855,19.38,0.000078
7860,-8.67,0.307604
7865,0.05,0.084732
7870,8.38,0.006874
7875,-8.20,0.292003
7880,21.52,0.000044
7885,24.23,0.000046
7890,15.82,0.000542
7895,-1.32,0.103541
7900,-0.98,0.101958
7905,22.95,0.000053
7910,4.78,0.020045
7915,15.05,0.000309
7920,10.03,0.002378
7925,3.62,0.034361
7930,16.17,0.000151
7935,16.88,0.000158
7940,24.80,0.000121
7945,12.75,0.001188
7950,-9.17,0.325313
7955,16.00,0.000222
7960,0.92,0.067468
7965,15.92,0.000193
7970,1.31,0.064627
7975,-2.51,0.133022
7980,-0.45,0.091028
7985,4.71,0.026388
7990,5.89,0.016154
7995,-0.36,0.082675
8000,-1.28,0.110732
8005,-14.67,0.509965
8010,-0.60,0.093563
8015,-9.83,0.350533
8020,20.98,0.000045
8025,-11.63,0.404957
8030,-3.15,0.148195
8035,-8.18,0.293376
8040,19.00,0.000039
8045,-6.73,0.245225
8050,-9.73,0.349834
8055,24.35,0.000022
8060,20.03,0.000055
8065,17.97,0.000060
8070,-14.09,0.489949
8075,11.57,0.002026
8080,-9.60,0.343212
8085,0.96,0.065617
8090,-14.86,0.518763
8095,2.22,0.051346
8100,1.91,0.054750
8105,6.33,0.012553
8110,9.39,0.004644
8115,-0.65,0.094064
8120,-3.73,0.155983
8125,20.26,0.000050
8130,-12.59,0.455432
8135,6.19,0.019624
8140,-10.07,0.360491
8145,19.68,0.003322
8150,5.95,0.021711
8155,-8.80,0.318459
8160,9.24,0.007078
8165,21.42,0.000198
8170,5.70,0.017915
8175,5.96,0.018919
8180,-8.47,0.305907
8185,5.91,0.016712
8190,-4.37,0.183890
8195,6.34,0.016479
8200,16.39,0.000249
8205,-13.47,0.472788
8210,23.89,0.000160
8215,20.91,0.000084
8220,-5.97,0.219782
8225,-13.43,0.474074
8230,-6.37,0.242918
8235,19.96,0.000917
8240,7.61,0.009590
8245,-5.19,0.204945
8250,7.24,0.012138
8255,24.95,0.000040
8260,13.92,0.000345
8265,-12.60,0.442049
8270,2.63,0.040193
8275,9.77,0.003517
8280,-0.83,0.096486
8285,8.72,0.006320
8290,23.63,0.000034
8295,20.90,0.000029
8300,12.92,0.001018
8305,-1.62,0.112452
8310,-3.59,0.162005
8315,-4.90,0.189147
8320,7.87,0.007373
8325,11.23,0.001146
8330,-6.97,0.252541
8335,11.79,0.001022
8340,9.93,0.002988
8345,10.10,0.002667
8350,1.68,0.055976
8355,-11.00,0.388587
8360,14.76,0.000159
8365,7.44,0.008529
8370,-10.29,0.369998
8375,7.09,0.010377
8380,-14.29,0.496985
8385,-6.99,0.252557
8390,16.02,0.000128
8395,5.13,0.020302
8400,10.72,0.001761
8405,-8.26,0.294394
8410,1.30,0.060781
8415,24.44,0.000016
8420,12.97,0.000589
8425,-2.16,0.129471
8430,18.31,0.000041
8435,22.31,0.000019
8440,5.75,0.020757
8445,5.64,0.018895
8450,-6.10,0.228872
8455,-9.49,0.341369
8460,9.94,0.003255
8465,18.74,0.000043
8470,11.59,0.001346
8475,-14.04,0.491588
8480,-10.48,0.365564
8485,-3.05,0.150731
8490,24.40,0.000027
8495,14.37,0.000254
8500,21.99,0.000045
8505,-9.71,0.345405
8510,-12.36,0.435749
8515,17.62,0.000150
8520,13.48,0.000610
8525,-8.58,0.307049
8530,10.68,0.002594
8535,14.32,0.000627
8540,-3.84,0.165352
8545,14.37,0.000426
8550,-0.73,0.099636
8555,16.06,0.000290
8560,22.02,0.000137
8565,17.44,0.000132
8570,17.48,0.000126
8575,-14.88,0.520406
8580,13.02,0.001066
8585,12.72,0.001783
8590,15.25,0.000319
8595,-1.69,0.113748
8600,3.95,0.043104
8605,9.98,0.031990
8610,12.36,0.093393
8615,17.50,0.138513
8620,-8.03,0.301440
8625,17.89,0.038905
8630,8.34,0.046783
8635,22.78,0.070480
8640,1.68,0.168119
8645,-2.73,0.223878
8650,1.77,0.142428
8655,-5.95,0.250479
8660,14.02,0.139498
8665,0.42,0.115656
8670,18.29,0.063434
8675,20.47,0.035781
8680,-0.56,0.108471
8685,13.60,0.012173
8690,8.51,0.015491
8695,6.92,0.021114
8700,-6.66,0.252698
8705,-13.48,0.477148
8710,0.48,0.078790
8715,-7.69,0.280798
8720,-11.21,0.417879
8725,-5.44,0.210327
8730,-3.00,0.153426
8735,0.14,0.086292
8740,4.99,0.030098
8745,-7.21,0.270078
8750,10.69,0.006037
8755,-10.14,0.391552
8760,-6.08,0.236037
8765,22.19,0.000831
8770,-6.65,0.252855
8775,-14.26,0.511001
8780,-7.75,0.284960
8785,23.02,0.000357
8790,10.51,0.003811
8795,13.06,0.001177
8800,-14.74,0.522135
8805,7.93,0.007953
8810,19.88,0.000253
8815,-0.29,0.086881
8820,-3.75,0.171947
8825,-8.15,0.297116
8830,21.26,0.000163
8835,16.04,0.000339
8840,23.20,0.000129
8845,21.28,0.000145
8850,13.89,0.000578
8855,-3.82,0.168546
8860,5.62,0.018847
8865,23.05,0.000102
8870,-13.38,0.472748
8875,24.55,0.000083
8880,21.40,0.000093
8885,0.04,0.080532
8890,24.97,0.000074
8895,4.30,0.028210
8900,5.77,0.019266
8905,4.92,0.021806
8910,24.84,0.000064
8915,-6.97,0.250019
8920,-11.08,0.389462
8925,-3.75,0.160668
8930,-1.40,0.110757
8935,7.12,0.010670
8940,-10.42,0.371295
8945,12.80,0.001017
8950,-14.32,0.504325
8955,13.75,0.000742
8960,9.50,0.003522
8965,22.26,0.000051
8970,10.34,0.003618
8975,14.37,0.000431
8980,8.63,0.006150
8985,13.91,0.000421
8990,-14.95,0.519375
8995,10.70,0.001959
9000,2.84,0.044290
9005,14.73,0.000222
9010,-8.02,0.287523
9015,2.56,0.048840
9020,-6.09,0.228341
9025,3.83,0.034245
9030,-14.89,0.512572
9035,19.11,0.000075
9040,16.28,0.000166
9045,14.85,0.000308
9050,-10.13,0.361766
9055,20.99,0.000043
9060,-8.69,0.316874
9065,-0.62,0.091099
9070,10.90,0.001692
9075,2.43,0.045404
9080,16.18,0.000182
9085,6.90,0.011130
9090,14.47,0.000389
9095,20.75,0.000033
9100,2.67,0.045791
9105,14.32,0.000498
9110,-9.16,0.330155
9115,-9.85,0.355654
9120,10.84,0.001758
9125,21.28,0.000037
9130,3.29,0.040632
9135,6.11,0.017276
9140,9.68,0.002784
9145,-8.00,0.290535
9150,-10.39,0.371698
9155,3.50,0.036626
9160,21.78,0.000038
9165,-0.46,0.087046
9170,-13.54,0.476651
9175,10.44,0.002087
9180,-5.28,0.205540
9185,-5.52,0.207267
9190,15.45,0.000174
9195,-3.48,0.154372
9200,13.58,0.000487
9205,11.25,0.001302
9210,-6.73,0.248684
9215,20.29,0.000035
9220,-4.44,0.178588
9225,-11.82,0.420204
9230,23.74,0.000022
9235,14.80,0.000300
9240,21.36,0.000045
9245,7.88,0.009213
9250,-0.87,0.098573
9255,14.40,0.000314
9260,-10.00,0.360468
9265,0.76,0.070872
9270,0.61,0.070429
9275,-12.48,0.443658
9280,-3.52,0.155640
9285,-11.81,0.419990
9290,-1.78,0.120021
9295,13.44,0.001026
9300,8.81,0.006196
9305,-14.03,0.492885
9310,8.82,0.006313
9315,-6.83,0.250399
9320,7.03,0.009215
9325,16.21,0.001214
9330,-9.27,0.330699
9335,22.20,0.000044
9340,14.95,0.000245
9345,-10.19,0.365414
9350,-1.70,0.115132
9355,6.09,0.016668
9360,-14.28,0.498689
9365,4.40,0.028585
9370,-10.84,0.378824
9375,13.91,0.000609
9380,21.38,0.000027
9385,-7.50,0.272196
9390,15.48,0.000118
9395,-5.32,0.205757
9400,9.76,0.003005
9405,19.32,0.000029
9410,17.03,0.000102
9415,-10.25,0.361802
9420,-10.46,0.378559
9425,-7.21,0.264676
9430,15.66,0.000142
9435,9.38,0.004784
9440,-8.24,0.298811
9445,-4.39,0.177438
9450,-9.58,0.342156
9455,13.97,0.000306
9460,21.36,0.000043
9465,-7.38,0.267089
9470,-7.24,0.258917
9475,11.64,0.000824
9480,18.38,0.000047
9485,-7.48,0.274679
9490,-6.62,0.240337
9495,3.66,0.032272
9500,20.17,0.000044
9505,-5.03,0.193109
9510,-8.50,0.308873
9515,8.30,0.009115
9520,1.27,0.058835
9525,10.77,0.003997
9530,-8.13,0.289541
9535,10.92,0.001733
9540,18.13,0.000089
9545,14.10,0.000402
9550,15.28,0.000703
9555,1.74,0.056003
9560,-2.24,0.123051
9565,5.12,0.027562
9570,-8.19,0.291501
9575,-2.86,0.144359
9580,5.04,0.024891
9585,13.83,0.000852
9590,12.77,0.000788
9595,-10.61,0.375664
9600,-10.51,0.376809
9605,-0.86,0.098993
9610,-10.80,0.379231
9615,-10.13,0.356767
9620,19.96,0.000027
9625,0.22,0.076727
9630,18.64,0.000020
9635,2.47,0.043357
9640,2.68,0.047777
9645,-0.83,0.100332
9650,-3.08,0.147578
9655,6.74,0.013542
9660,23.35,0.000008
9665,-5.41,0.209904
9670,12.01,0.001073
9675,24.31,0.000010
9680,-0.91,0.097442
9685,-6.38,0.234578
9690,-7.18,0.262321
9695,-14.42,0.507574
9700,0.37,0.071621
9705,17.55,0.000041
9710,10.55,0.002160
9715,-0.17,0.086806
9720,6.42,0.015801
9725,7.87,0.008693
9730,-4.56,0.182944
9735,-11.42,0.415450
9740,20.90,0.000016
9745,-14.14,0.495981
9750,21.95,0.000013
9755,2.43,0.046188
9760,17.06,0.000040
9765,-9.07,0.324043
9770,12.42,0.000721
9775,15.32,0.000170
9780,7.18,0.010724
9785,-5.96,0.221178
9790,-6.68,0.239941
9795,-13.81,0.485013
9800,-11.43,0.412411
9805,13.29,0.000400
9810,19.10,0.000017
9815,7.59,0.008792
9820,-7.07,0.261044
9825,-3.48,0.156142
9830,-2.35,0.133252
9835,-7.21,0.263136
9840,15.55,0.000073
9845,17.38,0.000039
9850,15.15,0.000137
9855,-7.22,0.261761
9860,-9.36,0.334129
9865,23.47,0.000011
9870,17.25,0.000046
9875,-13.44,0.467795
9880,18.43,0.000034
9885,-10.59,0.370378
9890,20.93,0.000014
9895,11.07,0.001825
9900,-14.36,0.505474
9905,-6.71,0.249845
9910,1.69,0.059494
9915,14.64,0.000130
9920,21.20,0.000019
9925,-3.15,0.148596
9930,15.99,0.000067
9935,-10.42,0.371226
9940,-3.78,0.165040
9945,14.93,0.000196
9950,-7.59,0.268007
9955,0.96,0.063979
9960,4.10,0.031025
9965,-2.72,0.137306
9970,3.15,0.039559
9975,2.99,0.040147
9980,11.26,0.001938
9985,14.80,0.000194
9990,-6.23,0.233832
9995,8.01,0.008434
10000,8.71,0.004810
10005,7.41,0.009037
10010,-6.53,0.240581
10015,16.90,0.000038
10020,-8.16,0.289764
10025,6.79,0.010441
10030,14.58,0.000170
10035,22.27,0.000011
10040,-2.74,0.136180
10045,22.21,0.000009
10050,-13.55,0.474289
10055,14.53,0.000227
10060,-7.92,0.284160
10065,4.26,0.027689
10070,15.97,0.000096
10075,8.80,0.005674
10080,11.57,0.001192
10085,22.62,0.000009
10090,2.63,0.040513
10095,15.88,0.000109
10100,-13.22,0.466437
10105,3.27,0.038207
10110,-11.20,0.394330
10115,-3.30,0.149153
10120,4.14,0.026900
10125,5.69,0.015478
10130,0.95,0.067002
10135,-6.00,0.222461
10140,21.55,0.000008
10145,20.04,0.000010
10150,-0.98,0.100081
10155,11.01,0.002052
10160,21.52,0.000012
10165,2.86,0.038618
10170,13.79,0.000427
10175,17.09,0.000035
10180,2.17,0.050408
10185,9.64,0.003799
10190,-4.52,0.181205
10195,4.89,0.026115
10200,10.06,0.003585
10205,-11.53,0.409922
10210,4.46,0.026371
10215,14.04,0.000330
10220,-11.05,0.388413
10225,-4.15,0.170359
10230,10.30,0.003293
10235,13.75,0.000304
10240,20.11,0.000014
10245,7.86,0.007202
10250,21.10,0.000014
10255,1.88,0.057001
10260,2.87,0.043084
10265,-12.69,0.451966
10270,9.52,0.004281
10275,-0.42,0.089216
10280,3.05,0.041051
10285,-6.39,0.234906
10290,5.61,0.016767
10295,-1.19,0.102119
10300,10.50,0.002009
10305,-1.77,0.115376
10310,-9.11,0.319690
10315,-3.30,0.146798
10320,17.15,0.000068
10325,15.36,0.000069
10330,23.74,0.000007
10335,-2.28,0.125484
10340,3.41,0.036597
10345,19.64,0.000016
10350,20.05,0.000013
10355,13.11,0.000705
10360,5.61,0.018950
10365,6.14,0.018363
10370,-1.02,0.101767
10375,-0.99,0.101870
10380,10.33,0.003070
10385,21.40,0.000081
10390,4.29,0.030321
10395,5.44,0.032557
10400,22.16,0.000460
10405,16.58,0.000640
10410,-1.91,0.125913
10415,21.85,0.000436
10420,-5.07,0.198788
10425,9.58,0.005817
10430,21.67,0.000074
10435,-13.47,0.471935
10440,23.78,0.000055
10445,-0.91,0.100749
10450,20.07,0.000028
10455,1.70,0.058983
10460,10.89,0.002489
10465,6.56,0.016700
10470,3.46,0.046304
10475,10.91,0.004536
10480,-12.97,0.455834
10485,-5.85,0.227743
10490,-8.55,0.316994
10495,-8.31,0.298527
10500,22.11,0.000225
10505,3.66,0.036228
10510,-2.98,0.148650
10515,-12.77,0.452421
10520,3.55,0.034496
10525,-7.40,0.275710
10530,4.55,0.023270
10535,23.89,0.000015
10540,-11.39,0.402981
10545,20.15,0.000032
10550,22.17,0.000034
10555,-0.36,0.091707
10560,20.66,0.000053
10565,2.99,0.038373
10570,9.87,0.002791
10575,-11.27,0.395254
10580,-10.15,0.361550
10585,24.21,0.000011
10590,5.23,0.021109
10595,0.24,0.079943
10600,9.00,0.008051
10605,-10.13,0.359676
10610,-13.93,0.494245
10615,-10.36,0.367128
10620,21.38,0.000027
10625,-11.74,0.415477
10630,7.64,0.008936
10635,-12.35,0.433342
10640,-6.42,0.239965
10645,-8.37,0.298746
10650,15.96,0.000091
10655,-3.21,0.147998
10660,-12.69,0.446266
10665,11.91,0.001210
10670,8.01,0.008390
10675,-8.44,0.302561
10680,16.78,0.000140
10685,-14.93,0.519431
10690,-2.33,0.130667
10695,9.85,0.003713
10700,20.82,0.000018
10705,-1.53,0.113980
10710,13.80,0.000489
10715,2.63,0.044721
10720,-3.02,0.144063
10725,-0.78,0.096817
10730,-7.13,0.256125
10735,-2.90,0.141588
10740,14.10,0.000373
10745,-10.80,0.382847
10750,-7.88,0.279877
10755,-2.43,0.125603
10760,12.87,0.000673
10765,-6.21,0.230257
10770,18.05,0.000021
10775,12.31,0.000968
10780,-12.41,0.436680
10785,-6.12,0.230482
10790,4.94,0.022462
10795,21.47,0.000008
10800,-0.57,0.095535
10805,-2.90,0.145868
10810,2.36,0.047166
10815,-11.48,0.406389
10820,13.00,0.000447
10825,9.73,0.002612
10830,21.30,0.000010
10835,24.53,0.000011
10840,9.29,0.005022
10845,-8.29,0.294653
10850,-3.63,0.157336
10855,-3.40,0.156362
10860,19.91,0.000017
10865,22.11,0.000011
10870,1.69,0.057055
10875,18.47,0.000021
10880,16.84,0.000034
10885,-5.04,0.193309
10890,3.23,0.039542
10895,1.68,0.053270
10900,-11.89,0.422823
10905,-12.81,0.445837
10910,-8.24,0.289091
10915,10.89,0.001769
10920,12.86,0.000778
10925,-12.35,0.434887
10930,2.07,0.053933
10935,21.70,0.000020
10940,-6.57,0.243598
10945,-2.78,0.140216
10950,3.41,0.036594
10955,10.58,0.002094
10960,-10.10,0.352067
10965,-2.96,0.148255
10970,-0.81,0.096873
10975,3.27,0.040367
10980,-8.10,0.289237
10985,-11.59,0.420810
10990,12.64,0.000442
10995,-10.59,0.369712
11000,-11.51,0.410685
11005,-9.96,0.356846
11010,14.44,0.000206
11015,8.16,0.006908
11020,15.13,0.000216
11025,9.94,0.002594
11030,2.17,0.054873
11035,11.98,0.001654
11040,14.26,0.000337
11045,-5.80,0.215152
11050,7.99,0.008612
11055,24.91,0.000015
11060,-12.49,0.439757
11065,1.06,0.064744
11070,10.18,0.004649
11075,-1.32,0.106164
11080,10.23,0.002073
11085,-3.83,0.167220
11090,12.07,0.001625
11095,17.91,0.000129
11100,13.89,0.000544
11105,24.06,0.001048
11110,20.73,0.025703
11115,-7.61,0.286421
11120,7.42,0.115712
11125,-9.06,0.371721
11130,24.63,0.243946
11135,4.33,0.106064
11140,21.38,0.094788
11145,21.75,0.061467
11150,-6.84,0.268414
11155,5.11,0.062327
11160,21.69,0.021559
11165,-13.77,0.534319
11170,-9.35,0.350593
11175,-10.32,0.382206
11180,1.38,0.070689
11185,11.84,0.007784
11190,7.09,0.021980
11195,5.60,0.031033
11200,13.32,0.003690
11205,-11.33,0.409995
11210,14.16,0.001457
11215,7.24,0.012931
11220,23.44,0.000433
11225,3.11,0.043885
11230,24.54,0.000351
11235,21.68,0.000258
11240,-6.81,0.252989
11245,17.40,0.000429
11250,-14.46,0.511900
11255,-7.47,0.270630
11260,-14.51,0.505104
11265,11.03,0.002870
11270,9.11,0.006070
11275,-2.61,0.136899
11280,20.51,0.000262
11285,0.85,0.070533
11290,2.15,0.053130
11295,21.55,0.000303
11300,22.19,0.000190
11305,20.81,0.000177
11310,-7.24,0.268385
11315,12.02,0.001576
11320,22.09,0.000141
11325,8.18,0.007406
11330,3.92,0.031544
11335,-6.50,0.238096
11340,-0.32,0.088118
11345,22.99,0.000128
11350,-10.01,0.359760
11355,-4.45,0.180792
11360,18.11,0.000246
11365,23.67,0.000291
11370,-6.07,0.225007
11375,6.18,0.015258
11380,-13.59,0.475412
11385,-4.56,0.186829
11390,12.80,0.001028
11395,2.67,0.043599
11400,13.68,0.000570
11405,11.03,0.001913
11410,-1.79,0.114945
11415,18.31,0.000078
11420,-2.12,0.121843
11425,13.36,0.000624
11430,-9.76,0.352400
11435,-9.66,0.343582
11440,15.11,0.000255
11445,24.27,0.000057
11450,-13.23,0.469260
11455,-4.65,0.195836
11460,3.68,0.035072
11465,1.82,0.057342
11470,0.33,0.074310
11475,-9.15,0.327116
11480,8.56,0.006126
11485,4.07,0.029877
11490,-3.05,0.143938
11495,-0.93,0.097071
11500,1.96,0.056469
11505,23.84,0.000028
11510,-0.77,0.098222
11515,1.20,0.065690
11520,1.22,0.066692
11525,5.16,0.019945
11530,18.69,0.000056
11535,-9.95,0.350621
11540,3.40,0.037680
11545,-1.66,0.116077
11550,3.16,0.039155
11555,-14.83,0.510758
11560,-8.57,0.307467
11565,3.85,0.033212
11570,13.42,0.000439
11575,6.54,0.013682
11580,0.81,0.066877
11585,24.50,0.000021
11590,7.50,0.009302
11595,5.42,0.017693
11600,15.15,0.000177
11605,19.38,0.000043
11610,2.60,0.044896
11615,23.82,0.000022
11620,3.72,0.031931
11625,17.86,0.000051
11630,2.69,0.042660
11635,12.04,0.000900
11640,20.26,0.000028
11645,8.84,0.005107
11650,4.81,0.022180
11655,9.86,0.002758
11660,15.36,0.000135
11665,-10.01,0.364244
11670,7.05,0.011038
11675,13.23,0.000411
11680,-9.94,0.352218
11685,-3.63,0.157398
11690,-6.18,0.232081
11695,18.69,0.000030
11700,-1.80,0.116333
11705,1.19,0.061678
11710,-13.86,0.479874
11715,17.44,0.000074
11720,9.54,0.004080
11725,-11.41,0.404858
11730,-10.68,0.379124
11735,0.81,0.068102
11740,-11.71,0.414408
11745,-0.39,0.093124
11750,5.18,0.025806
11755,9.95,0.004128
11760,-9.03,0.329761
11765,1.10,0.066832
11770,2.04,0.051891
11775,-4.30,0.179201
11780,-10.50,0.374746
11785,14.21,0.000345
11790,-6.07,0.226937
11795,20.54,0.000028
11800,-5.33,0.200152
11805,13.29,0.000415
11810,12.20,0.001133
11815,-9.13,0.325775
11820,7.18,0.010331
11825,11.11,0.001883
11830,-5.66,0.212537
11835,9.21,0.004463
11840,0.41,0.078728
11845,19.75,0.000024
11850,9.36,0.004438
11855,-1.35,0.106207
11860,0.96,0.064452
11865,-10.13,0.359522
11870,3.35,0.033631
11875,24.99,0.000019
11880,-10.35,0.364637
11885,20.87,0.000018
11890,-11.12,0.393103
11895,13.09,0.000460
11900,-5.27,0.201885
11905,16.06,0.000085
11910,15.04,0.000103
11915,23.16,0.000016
11920,12.01,0.000834
11925,21.11,0.000013
11930,24.14,0.000013
11935,18.03,0.000030
11940,-10.32,0.367154
11945,-2.64,0.138177
11950,-6.74,0.247581
11955,1.50,0.056498
11960,-1.68,0.112647
11965,10.87,0.001729
11970,20.31,0.000020
11975,22.10,0.000016
11980,12.44,0.000701
11985,-1.98,0.120949
11990,-1.48,0.113355
11995,-2.22,0.128234
12000,12.16,0.000763
12005,-0.42,0.091524
12010,17.35,0.000051
12015,6.43,0.012388
12020,7.67,0.008290
12025,13.88,0.000228
12030,7.65,0.009762
12035,21.41,0.000014
12040,7.76,0.006706
12045,9.34,0.003658
12050,11.12,0.001392
12055,17.86,0.000022
12060,15.45,0.000172
12065,-12.28,0.434345
12070,6.83,0.010712
12075,20.40,0.000016
12080,23.39,0.000009
12085,-12.67,0.446538
12090,-3.22,0.148176
12095,7.54,0.009269
12100,15.68,0.000176
12105,-13.30,0.468628
12110,-1.13,0.106556
12115,-10.33,0.369198
12120,5.59,0.018414
12125,-2.01,0.120838
12130,12.18,0.000765
12135,-13.00,0.461275
12140,9.51,0.003976
12145,23.94,0.000015
12150,-4.84,0.195173
12155,14.43,0.000228
12160,9.10,0.005079
12165,13.89,0.000363
12170,17.81,0.000038
12175,0.37,0.077460
12180,22.99,0.000011
12185,0.87,0.071178
12190,-7.98,0.287864
12195,21.95,0.000013
12200,15.26,0.000147
12205,-7.83,0.282047
12210,14.23,0.000249
12215,-3.18,0.144065
12220,8.23,0.006920
12225,8.11,0.008269
12230,12.69,0.000831
12235,-4.33,0.175225
12240,1.57,0.057257
12245,20.72,0.000045
12250,-11.38,0.399035
12255,-9.69,0.342680
12260,1.51,0.066441
12265,19.88,0.000027
12270,14.49,0.000314
12275,-14.48,0.505538
12280,-1.26,0.105856
12285,-7.00,0.248372
12290,-12.75,0.450464
12295,24.86,0.000053
12300,1.61,0.055781
12305,6.24,0.016263
12310,7.18,0.011461
12315,17.74,0.000061
12320,-2.15,0.122078
12325,3.86,0.029833
12330,19.23,0.000025
12335,-0.60,0.093303
12340,18.51,0.000029
12345,10.72,0.001675
12350,18.41,0.000028
12355,-6.77,0.243120
12360,-1.69,0.111879
12365,8.39,0.006008
12370,19.11,0.000023
12375,-12.40,0.434205
12380,-2.32,0.128107
12385,12.53,0.000843
12390,2.61,0.047671
12395,13.58,0.000254
12400,21.03,0.000020
12405,-3.49,0.157222
12410,-2.57,0.133981
12415,-8.20,0.294088
12420,19.02,0.000032
12425,-3.55,0.155728
12430,24.88,0.000015
12435,2.87,0.041225
12440,-0.13,0.080908
12445,20.44,0.000017
12450,-8.55,0.303871
12455,6.36,0.013279
12460,-2.38,0.130400
12465,4.21,0.031397
12470,0.97,0.065411
12475,12.96,0.000979
12480,23.28,0.000074
12485,-8.48,0.304796
12490,-6.76,0.248758
12495,18.58,0.000069
12500,-8.96,0.317385
12505,-7.59,0.278498
12510,-7.63,0.269186
12515,11.79,0.002756
12520,24.57,0.000032
12525,22.35,0.000052
12530,21.07,0.000022
12535,14.79,0.000169
12540,18.48,0.000033
12545,-9.43,0.332291
12550,6.46,0.014212
12555,-10.54,0.367087
12560,17.33,0.000066
12565,1.04,0.060796
12570,18.37,0.000034
12575,19.43,0.000018
12580,18.66,0.000021
12585,-5.44,0.212059
12590,22.01,0.000010
12595,1.25,0.059745
12600,13.77,0.000233
12605,12.03,0.000750
12610,-8.14,0.288755
12615,22.37,0.000012
12620,-10.87,0.384793
12625,10.45,0.002927
12630,21.92,0.000017
12635,-2.70,0.136171
12640,14.63,0.000205
12645,-14.49,0.501364
12650,18.75,0.000028
12655,-11.93,0.417637
12660,12.03,0.000971
12665,17.80,0.000036
12670,-2.73,0.138162
12675,12.61,0.000666
12680,8.75,0.005468
12685,21.72,0.000011
12690,15.36,0.000163
12695,24.84,0.000008
12700,18.26,0.000057
12705,13.28,0.000621
12710,-4.56,0.179163
12715,-5.56,0.207655
12720,23.26,0.000013
12725,-1.87,0.118051
12730,-14.86,0.512929
12735,-0.01,0.082945
12740,-1.36,0.110644
12745,4.49,0.026747
12750,24.82,0.000014
12755,4.78,0.027098
12760,-11.85,0.425592
12765,7.62,0.006950
12770,14.90,0.000723
12775,-4.55,0.187526
12780,-0.17,0.084217
12785,7.68,0.009477
12790,3.39,0.037615
12795,-13.31,0.466581
12800,10.97,0.003202
12805,-10.11,0.362649
12810,-9.97,0.358739
12815,-13.28,0.472745
12820,24.28,0.000023
12825,21.13,0.000066
12830,-9.07,0.319527
12835,10.62,0.001499
12840,11.54,0.001024
12845,-9.46,0.336154
12850,4.33,0.028750
12855,7.45,0.008407
12860,4.21,0.027452
12865,6.49,0.011674
12870,-10.31,0.365581
12875,-14.17,0.490523
12880,-13.88,0.482512
12885,13.40,0.000685
12890,14.97,0.000428
12895,-11.83,0.414674
12900,18.93,0.000043
12905,0.04,0.084275
12910,22.51,0.000063
12915,-1.37,0.111622
12920,24.15,0.000016
12925,17.25,0.000356
12930,-12.99,0.456109
12935,22.39,0.000019
12940,16.57,0.000073
12945,22.14,0.000011
12950,-3.47,0.155909
12955,16.11,0.000100
12960,6.14,0.016502
12965,2.31,0.048835
12970,3.59,0.049392
12975,-12.39,0.437220
12980,17.79,0.002755
12985,20.17,0.009194
12990,8.40,0.014651
12995,-1.38,0.111372
13000,-14.83,0.515789
13005,14.94,0.000845
13010,-4.70,0.196214
13015,0.52,0.071374
13020,22.24,0.000802
13025,22.34,0.001421
13030,-12.83,0.507776
13035,-11.60,0.418379
13040,-11.18,0.405690
13045,-11.45,0.412406
13050,11.79,0.002023
13055,4.92,0.026661
13060,21.86,0.000050
13065,-8.78,0.306873
13070,9.34,0.002789
13075,15.72,0.000161
13080,-9.48,0.338142
13085,-0.98,0.099380
13090,-14.74,0.516328
13095,-1.59,0.111702
13100,7.73,0.008621
13105,16.51,0.000068
13110,-13.53,0.485666
13115,-9.00,0.321424
13120,-0.63,0.093789
13125,12.10,0.001548
13130,-6.01,0.220880
13135,6.72,0.011666
13140,8.09,0.007307
13145,16.05,0.000157
13150,15.87,0.000281
13155,19.94,0.000037
13160,-5.91,0.222774
13165,2.18,0.048645
13170,-12.14,0.429203
13175,-12.66,0.447193
13180,12.71,0.000637
13185,12.14,0.000715
13190,11.56,0.001236
13195,20.61,0.000019
13200,-4.82,0.195554
13205,-11.05,0.379186
13210,4.21,0.032736
13215,17.53,0.000247
13220,-11.26,0.394281
13225,-4.58,0.183145
13230,-12.59,0.442894
13235,23.91,0.000010
13240,5.15,0.021148
13245,2.76,0.042313
13250,15.97,0.000128
13255,-6.48,0.233222
13260,3.07,0.037786
13265,10.92,0.001948
13270,23.14,0.000013
13275,5.03,0.020141
13280,10.03,0.002571
13285,24.27,0.000016
13290,-1.84,0.115473
13295,12.76,0.000565
13300,24.49,0.000015
13305,15.26,0.000142
13310,4.08,0.028643
13315,20.79,0.000014
13320,-7.93,0.282260
13325,-9.40,0.332737
13330,20.50,0.000017
13335,21.79,0.000014
13340,7.70,0.007965
13345,16.32,0.000050
13350,4.82,0.024052
13355,18.12,0.000025
13360,-10.99,0.389896
13365,4.32,0.027599
13370,14.14,0.000255
13375,20.10,0.000016
13380,-0.64,0.087857
13385,11.16,0.001362
13390,8.40,0.005300
13395,21.96,0.000012
13400,14.08,0.000208
13405,-6.07,0.226400
13410,-14.51,0.506813
13415,0.91,0.069195
13420,9.92,0.003258
13425,19.29,0.000020
13430,18.53,0.000019
13435,-7.69,0.272443
13440,18.17,0.000050
13445,-7.15,0.262933
13450,23.87,0.000035
13455,-1.46,0.109121
13460,11.99,0.001103
13465,20.50,0.000027
13470,-13.82,0.477432
13475,1.49,0.060521
13480,1.13,0.067367
13485,21.99,0.000025
13490,13.78,0.000509
13495,-6.50,0.241773
13500,0.52,0.074326
13505,14.83,0.000190
13510,10.67,0.001769
13515,17.27,0.000055
13520,3.96,0.032576
13525,-8.09,0.288345
13530,-6.30,0.229804
13535,23.39,0.000014
13540,21.34,0.000013
13545,5.95,0.016721
13550,-2.25,0.124382
13555,13.99,0.000288
13560,2.53,0.049016
13565,-10.61,0.377130
13570,24.31,0.000012
13575,6.75,0.010729
13580,-4.37,0.177537
13585,-2.43,0.126969
13590,5.72,0.016688
13595,-8.62,0.304722
13600,19.95,0.000066
13605,18.02,0.000058
13610,1.49,0.058109
13615,24.08,0.000015
13620,1.53,0.056511
13625,21.75,0.000034
13630,11.91,0.001055
13635,5.57,0.015821
13640,21.16,0.000078
13645,-10.88,0.392108
13650,-9.35,0.332726
13655,17.18,0.000213
13660,-7.81,0.288819
13665,-2.99,0.146552
13670,16.03,0.000314
13675,-6.51,0.241243
13680,-2.89,0.141048
13685,-4.25,0.179534
13690,12.74,0.001070
13695,-0.54,0.093328
13700,8.14,0.006567
13705,4.84,0.025443
13710,9.92,0.003104
13715,7.50,0.007967
13720,-12.73,0.448981
13725,-2.86,0.138729
13730,5.20,0.019534
13735,-6.20,0.227837
13740,1.79,0.054446
13745,4.75,0.023723
13750,21.75,0.000026
13755,-1.82,0.115598
13760,-12.11,0.423408
13765,-4.97,0.196628
13770,-5.81,0.212597
13775,-4.64,0.184494
13780,8.72,0.003848
13785,19.34,0.000020
13790,13.69,0.000281
13795,10.52,0.001931
13800,17.96,0.000028
13805,-7.79,0.274674
13810,-13.68,0.481296
13815,19.80,0.000031
13820,0.61,0.071037
13825,-9.60,0.342657
13830,-7.01,0.256919
13835,22.41,0.000019
13840,17.55,0.000048
13845,3.33,0.039627
13850,20.20,0.000015
13855,-10.21,0.359560
13860,2.44,0.045618
13865,12.16,0.001112
13870,-8.47,0.300031
13875,8.39,0.005758
13880,6.12,0.015124
13885,18.17,0.000103
13890,-7.81,0.279060
13895,-3.51,0.156971
13900,6.12,0.014180
13905,0.48,0.075719
13910,-10.15,0.361909
13915,8.05,0.006422
13920,7.03,0.011255
13925,4.55,0.024840
13930,3.82,0.032830
13935,22.56,0.000015
13940,19.07,0.000029
13945,13.78,0.000308
13950,-13.22,0.465983
13955,13.98,0.000567
13960,4.98,0.021456
13965,-9.51,0.335072
13970,-0.04,0.086416
13975,-8.80,0.313830
13980,9.15,0.004717
13985,-8.60,0.303194
13990,23.43,0.000026
13995,-13.14,0.462005
14000,15.51,0.000152
14005,3.05,0.039567
14010,19.78,0.000044
14015,11.18,0.001938
14020,11.01,0.001703
14025,-4.28,0.175811
14030,-5.93,0.222968
14035,14.11,0.000271
14040,-0.02,0.084542
14045,-8.95,0.317050
14050,9.79,0.003583
14055,-12.19,0.434205
14060,14.87,0.000216
14065,-4.15,0.175445
14070,2.79,0.049491
14075,-3.53,0.155615
14080,-7.92,0.283188
14085,24.51,0.000057
14090,20.34,0.000040
14095,-2.21,0.123503
14100,17.92,0.000041
14105,14.06,0.000253
14110,-13.04,0.457200
14115,20.71,0.000072
14120,-10.57,0.380139
14125,22.93,0.000041
14130,23.66,0.000169
14135,-10.01,0.356475
14140,-9.07,0.326385
14145,-10.34,0.373621
14150,23.05,0.000024
14155,-11.62,0.417205
14160,3.62,0.035369
14165,0.81,0.074838
14170,9.16,0.006328
14175,19.51,0.000125
14180,11.09,0.001788
14185,-14.60,0.502418
14190,15.16,0.000161
14195,-10.58,0.368225
14200,4.44,0.027738
14205,23.06,0.000028
14210,13.31,0.000431
14215,24.33,0.000018
14220,-13.45,0.466942
14225,1.26,0.063392
14230,8.19,0.006621
14235,-1.87,0.116753
14240,22.56,0.000023
14245,1.89,0.055697
14250,15.84,0.000085
14255,7.28,0.009904
14260,0.09,0.078156
14265,-0.60,0.092180
14270,22.63,0.000033
14275,8.22,0.006388
14280,-9.02,0.313467
14285,2.54,0.044272
14290,13.58,0.000425
14295,-3.59,0.159084
14300,1.01,0.063701
14305,17.93,0.000050
14310,4.79,0.024213
14315,-12.63,0.446337
14320,9.40,0.005423
14325,10.88,0.003026
14330,17.33,0.000773
14335,-1.06,0.104715
14340,17.27,0.000638
14345,-10.33,0.366597
14350,-3.17,0.147484
14355,0.33,0.077427
14360,-2.01,0.126899
14365,22.77,0.000053
14370,-10.80,0.380204
14375,17.33,0.000056
14380,17.17,0.000079
14385,-10.54,0.367854
14390,-10.05,0.351180
14395,-0.99,0.098986
14400,21.48,0.000018
14405,7.19,0.007452
14410,20.31,0.000031
14415,-0.48,0.090131
14420,-4.35,0.175488
14425,-4.38,0.177095
14430,9.69,0.004185
14435,-12.49,0.441862
14440,15.26,0.000281
14445,16.25,0.000091
14450,4.92,0.023140
14455,15.28,0.000251
14460,11.46,0.001078
14465,-0.63,0.091997
14470,-1.05,0.102148
14475,14.39,0.000392
14480,-7.64,0.275697
14485,8.24,0.006838
14490,-14.37,0.498090
14495,-8.75,0.305562
14500,-8.56,0.300559
14505,18.92,0.000015
14510,-14.63,0.505407
14515,6.02,0.015377
14520,1.29,0.061177
14525,-8.66,0.308869
14530,-0.56,0.092731
14535,4.08,0.028997
14540,-13.01,0.457969
14545,-1.39,0.103223
14550,-14.86,0.516596
14555,14.36,0.000287
14560,13.49,0.000462
14565,2.73,0.046997
14570,23.23,0.000018
14575,21.50,0.000024
14580,12.53,0.004089
14585,10.88,0.002547
14590,5.39,0.058451
14595,22.35,0.013536
14600,3.83,0.041508
14605,-10.13,0.358279
14610,20.16,0.037453
14615,4.06,0.131383
14620,12.04,0.236876
14625,20.03,0.082918
14630,17.53,0.060689
14635,-12.97,0.511788
14640,11.33,0.055045
14645,-5.26,0.226858
14650,-11.34,0.427067
14655,3.85,0.045605
14660,13.68,0.004476
14665,3.69,0.047108
14670,-5.67,0.225231
14675,-5.54,0.219058
14680,-5.57,0.212799
14685,-6.96,0.263481
14690,-3.79,0.168295
14695,-13.36,0.480404
14700,0.43,0.079077
14705,20.02,0.000531
14710,-3.57,0.155949
14715,3.07,0.042594
14720,22.59,0.000388
14725,-5.01,0.198632
14730,11.41,0.002313
14735,-10.84,0.381029
14740,11.83,0.001772
14745,-0.15,0.087786
14750,12.48,0.001469
14755,22.74,0.000147
14760,-0.53,0.094026
14765,24.62,0.000128
14770,22.08,0.000113
14775,17.08,0.000256
14780,5.85,0.018123
14785,10.84,0.002461
14790,1.27,0.061493
14795,-3.77,0.163856
14800,-4.71,0.188151
14805,-2.31,0.136067
14810,24.40,0.000099
14815,8.44,0.008051
14820,10.97,0.002719
14825,20.85,0.000117
14830,0.73,0.071000
14835,4.78,0.023239
14840,-13.40,0.468593
14845,10.03,0.003441
14850,-2.07,0.127738
14855,-4.33,0.178891
14860,-14.32,0.530146
14865,-6.18,0.227539
14870,21.73,0.000117
14875,-8.48,0.316955
14880,20.28,0.000100
14885,7.60,0.010232
14890,16.82,0.000176
14895,20.58,0.000074
14900,-6.75,0.259677
14905,15.25,0.000285
14910,4.89,0.024886
14915,12.22,0.001258
14920,19.80,0.000080
14925,6.33,0.016607
14930,-3.54,0.155394
14935,23.60,0.000037
14940,-9.26,0.334710
14945,20.36,0.000052
14950,8.03,0.008126
14955,-13.87,0.485582
14960,10.70,0.002011
14965,-2.09,0.125378
14970,18.27,0.000068
14975,-11.96,0.420444
14980,17.78,0.000080
14985,12.93,0.000804
14990,9.19,0.004323
14995,12.20,0.000735
15000,10.84,0.001457
15005,24.77,0.000033
15010,8.04,0.007224
15015,10.86,0.001934
15020,-2.39,0.126932
15025,24.07,0.000027
15030,20.53,0.000026
15035,15.72,0.000137
15040,4.26,0.031149
15045,-3.06,0.141036
15050,8.85,0.006324
15055,15.19,0.000148
15060,-7.32,0.264069
15065,10.16,0.002795
15070,4.49,0.029233
15075,12.96,0.000508
15080,-6.79,0.247373
15085,-2.47,0.131082
15090,-6.24,0.227195
15095,-4.23,0.176229
15100,12.07,0.000842
15105,-6.96,0.246697
15110,19.29,0.000034
15115,-3.19,0.147554
15120,-14.04,0.490126
15125,10.55,0.002347
15130,3.78,0.030720
15135,6.77,0.014725
15140,-11.33,0.399360
15145,-7.97,0.284273
15150,12.58,0.000898
15155,-6.00,0.223999
15160,4.89,0.024358
15165,21.70,0.000030
15170,13.46,0.000569
15175,-0.97,0.102138
15180,-14.10,0.494059
15185,-1.40,0.106765
15190,12.97,0.001343
15195,-9.75,0.347035
15200,-10.67,0.377236
15205,10.90,0.001568
15210,-9.41,0.338176
15215,-0.70,0.097906
15220,18.03,0.000034
15225,2.71,0.042591
15230,-9.99,0.353301
15235,-11.27,0.396797
15240,-2.35,0.126801
15245,20.20,0.000026
15250,24.93,0.000032
15255,16.40,0.000224
15260,21.84,0.000015
15265,23.29,0.000050
15270,-3.66,0.154571
15275,10.89,0.002277
15280,-14.87,0.514248
15285,19.30,0.000042
15290,15.16,0.000257
15295,6.92,0.011918
15300,11.10,0.001816
15305,8.11,0.007534
15310,18.76,0.000069
15315,21.51,0.000027
15320,10.47,0.003242
15325,21.14,0.000013
15330,-7.84,0.279062
15335,-11.13,0.391896
15340,24.92,0.000013
15345,15.26,0.000142
15350,5.41,0.019402
15355,-12.16,0.427606
15360,-8.97,0.318321
15365,9.79,0.003209
15370,-12.16,0.427163
15375,4.02,0.028932
15380,-5.63,0.211268
15385,-11.98,0.416814
15390,8.40,0.005849
15395,-10.40,0.370751
15400,5.97,0.015701
15405,-7.22,0.265594
15410,10.20,0.002835
15415,4.75,0.023522
15420,5.11,0.021558
15425,1.43,0.059471
15430,0.69,0.070551
15435,13.42,0.000371
15440,24.65,0.000008
15445,8.70,0.004406
15450,-5.91,0.222280
15455,6.72,0.013198
15460,19.16,0.000023
15465,15.81,0.000068
15470,14.38,0.000212
15475,17.55,0.000036
15480,4.03,0.031800
15485,24.53,0.000008
15490,16.07,0.000082
15495,-12.39,0.437313
15500,-8.85,0.321716
15505,7.25,0.010026
15510,3.05,0.040094
15515,-6.57,0.243028
15520,6.43,0.014300
15525,-11.97,0.429640
15530,7.78,0.008890
15535,17.91,0.000036
15540,-14.46,0.510329
15545,0.40,0.076637
15550,-12.37,0.431471
15555,15.81,0.000089
15560,2.34,0.048754
15565,-1.62,0.112657
15570,22.33,0.000012
15575,-7.58,0.272230
15580,12.56,0.000590
15585,21.47,0.000009
15590,12.94,0.000656
15595,1.24,0.060987
15600,23.78,0.000005
15605,-10.81,0.382663
15610,7.00,0.009072
15615,24.71,0.000006
15620,-13.36,0.464236
15625,-4.66,0.180463
15630,2.54,0.041135
15635,-5.23,0.192667
15640,-8.58,0.301281
15645,-12.97,0.449926
15650,2.41,0.046397
15655,22.65,0.000007
15660,1.49,0.059563
15665,19.12,0.000015
15670,-11.22,0.395484
15675,-12.25,0.428500
15680,20.62,0.000009
15685,-10.68,0.376334
15690,13.89,0.000211
15695,24.75,0.000016
15700,11.37,0.001288
15705,0.67,0.070785
15710,-0.23,0.086886
15715,-0.29,0.083910
15720,3.07,0.041614
15725,11.74,0.001400
15730,4.57,0.025045
15735,10.97,0.001842
15740,16.07,0.000133
15745,8.46,0.004963
15750,16.46,0.000200
15755,17.10,0.000033
15760,10.61,0.002193
15765,-6.60,0.239116
15770,20.72,0.000013
15775,7.21,0.012096
15780,18.71,0.000028
15785,13.97,0.000210
15790,10.42,0.001683
15795,12.77,0.000671
15800,-12.15,0.426781
15805,-4.66,0.185946
15810,-8.91,0.315970
15815,-11.26,0.398593
15820,7.20,0.010411
15825,-13.90,0.481089
15830,-4.63,0.186838
15835,14.12,0.000174
15840,9.34,0.003323
15845,8.86,0.005149
15850,-12.39,0.439438
15855,12.42,0.001046
15860,1.21,0.064519
15865,7.44,0.009915
15870,12.52,0.001233
15875,-11.26,0.397344
15880,22.34,0.000010
15885,-9.69,0.351029
15890,-4.99,0.193153
15895,9.99,0.003495
15900,14.74,0.000155
15905,-8.53,0.305798
15910,21.29,0.000013
15915,-14.03,0.493447
15920,-5.59,0.213273
15925,0.07,0.083748
15930,8.56,0.006609
15935,-0.78,0.100530
15940,-10.53,0.371019
15945,-2.84,0.137349
15950,4.54,0.024698
15955,-3.96,0.167856
15960,-7.44,0.270590
15965,11.98,0.001625
15970,-11.39,0.409890
15975,-11.40,0.400853
15980,-0.63,0.086695
15985,15.49,0.000147
15990,23.25,0.000025
15995,-4.79,0.188415
16000,6.98,0.010130
16005,17.41,0.000075
16010,16.09,0.000105
16015,4.04,0.031262
16020,-7.24,0.259800
16025,-10.08,0.361183
16030,-14.26,0.492961
16035,-14.26,0.495455
16040,-8.82,0.318219
16045,-3.19,0.151895
16050,8.56,0.004972
16055,-7.73,0.278021
16060,-4.37,0.173349
16065,6.21,0.013724
16070,-13.05,0.461090
16075,22.79,0.000008
16080,16.82,0.000031
16085,15.08,0.000116
16090,14.17,0.000340
16095,5.31,0.017662
16100,10.63,0.002308
16105,12.59,0.000454
16110,2.67,0.046803
16115,23.67,0.000027
16120,-11.11,0.391531
16125,3.63,0.033753
16130,7.39,0.007278
16135,-1.36,0.107528
16140,-9.68,0.344134
16145,4.26,0.029069
16150,16.88,0.000039
16155,14.42,0.000234
16160,-0.30,0.089575
16165,9.91,0.003232
16170,-0.67,0.094731
16175,24.25,0.000006
16180,23.90,0.000026
16185,3.53,0.035239
16190,7.51,0.009548
16195,0.46,0.074441
16200,-11.92,0.420464
16205,-4.62,0.185362
16210,-8.89,0.313512
16215,-13.81,0.482018
16220,3.36,0.037115
16225,0.67,0.071443
16230,16.63,0.000061
16235,2.47,0.045808
16240,1.36,0.060424
16245,14.72,0.000162
16250,-11.14,0.394507
16255,23.91,0.000008
16260,0.17,0.075419
16265,4.29,0.026507
16270,-3.02,0.142104
16275,-12.72,0.445384
16280,19.63,0.000007
16285,20.90,0.000007
16290,3.86,0.032741
16295,-13.01,0.453403
16300,0.76,0.068045
16305,-5.21,0.201418
16310,2.71,0.042807
16315,22.94,0.000012
16320,24.44,0.000005
16325,16.76,0.000107
16330,2.98,0.044167
16335,14.73,0.000122
16340,2.07,0.053019
16345,19.20,0.000020
16350,20.35,0.000052
16355,7.94,0.008643
16360,10.17,0.002524
16365,24.34,0.000010
16370,23.57,0.000003
16375,-0.34,0.089083
16380,10.66,0.001997
16385,7.86,0.008266
16390,6.64,0.012523
16395,24.44,0.012255
16400,2.11,0.062532
16405,-10.74,0.380749
16410,-5.19,0.201036
16415,-7.99,0.290458
16420,9.79,0.006078
16425,16.08,0.000755
16430,3.52,0.036823
16435,21.91,0.000215
16440,-2.08,0.124783
16445,11.92,0.001934
16450,0.38,0.074005
16455,5.22,0.023249
16460,-14.43,0.494651
16465,18.77,0.000126
16470,10.30,0.002363
16475,-9.52,0.336857
16480,23.54,0.000048
16485,10.72,0.002001
16490,0.66,0.068736
16495,4.68,0.023454
16500,-4.60,0.180341
16505,-5.12,0.197343
16510,22.52,0.000038
16515,-8.63,0.306656
16520,17.51,0.000083
16525,-7.54,0.266748
16530,-4.99,0.196988
16535,-3.20,0.145640
16540,15.00,0.000281
16545,3.31,0.039665
16550,18.65,0.000070
16555,22.40,0.000023
16560,-10.58,0.373118
16565,-2.88,0.140148
16570,-13.41,0.466984
16575,-9.54,0.337411
16580,12.03,0.001024
16585,2.94,0.042570
16590,11.08,0.001942
16595,7.57,0.008417
16600,-1.66,0.112674
16605,-9.19,0.335007
16610,13.15,0.000697
16615,-1.69,0.117375
16620,-5.87,0.213615
16625,2.53,0.042902
16630,22.25,0.000019
16635,19.70,0.000039
16640,-7.35,0.259877
16645,6.54,0.012147
16650,-2.64,0.137849
16655,-3.60,0.153852
16660,13.96,0.000362
16665,12.86,0.000526
16670,-4.90,0.196294
16675,-14.84,0.514272
16680,21.92,0.000019
16685,-5.98,0.226413
16690,-8.88,0.312509
16695,11.45,0.001340
16700,-13.72,0.483945
16705,-0.74,0.097000
16710,-9.66,0.339255
16715,-1.60,0.105879
16720,-4.39,0.178890
16725,11.86,0.000838
16730,-13.84,0.480746
16735,20.49,0.000021
16740,22.06,0.000015
16745,16.02,0.000140
16750,19.79,0.000044
16755,-1.53,0.112382
16760,3.88,0.029823
16765,-14.95,0.527169
16770,15.94,0.000302
16775,-3.63,0.159804
16780,0.99,0.071060
16785,23.61,0.000043
16790,-14.52,0.519098
16795,-3.38,0.152771
16800,5.70,0.019754
16805,-9.33,0.337174
16810,9.54,0.003835
16815,11.80,0.001032
16820,21.16,0.000033
16825,22.81,0.000020
16830,-11.91,0.418959
16835,-1.39,0.111547
16840,2.40,0.046680
16845,15.53,0.000153
16850,22.59,0.000015
16855,4.02,0.032140
16860,-2.31,0.126491
16865,-12.29,0.432326
16870,9.16,0.004841
16875,-11.53,0.417211
16880,21.55,0.000014
16885,21.30,0.000017
16890,-9.35,0.330603
16895,4.12,0.030842
16900,-14.38,0.503272
16905,11.77,0.001245
16910,8.58,0.005719
16915,-5.06,0.195863
16920,15.31,0.000130
16925,13.67,0.000315
16930,-11.03,0.400199
16935,15.33,0.000722
16940,17.53,0.000096
16945,-14.68,0.516962
16950,20.49,0.000113
16955,4.69,0.024113
16960,1.39,0.064939
16965,10.36,0.004187
16970,-14.29,0.492985
16975,-11.98,0.426999
16980,5.53,0.019165
16985,13.38,0.000557
16990,2.29,0.050668
16995,-10.16,0.357724
17000,-3.82,0.160019
17005,6.54,0.011964
17010,-11.79,0.415339
17015,-13.11,0.462310
17020,-9.10,0.322764
17025,-9.12,0.322926
17030,-0.66,0.090374
17035,-3.78,0.159666
17040,-14.52,0.498051
17045,-1.84,0.114877
17050,-10.87,0.392014
17055,0.97,0.064298
17060,0.61,0.070050
17065,8.33,0.006260
17070,-2.08,0.126790
17075,23.86,0.000015
17080,8.26,0.005886
17085,20.76,0.000009
17090,-6.13,0.228620
17095,6.88,0.012005
17100,0.11,0.078142
17105,-0.10,0.082432
17110,21.75,0.000012
17115,0.52,0.074277
17120,23.82,0.000007
17125,12.65,0.000621
17130,2.63,0.047398
17135,-2.12,0.122120
17140,-10.30,0.365971
17145,15.05,0.000191
17150,-0.05,0.079458
17155,2.24,0.052015
17160,11.30,0.001100
17165,8.96,0.004192
17170,8.65,0.004959
17175,-10.62,0.375172
17180,6.49,0.013518
17185,24.37,0.000005
17190,18.46,0.000016
17195,-3.59,0.152921
17200,-2.49,0.134048
17205,21.64,0.000010
17210,17.89,0.000070
17215,24.51,0.000011
17220,2.17,0.051864
17225,7.04,0.011957
17230,14.07,0.000635
17235,13.74,0.000355
17240,5.03,0.026236
17245,8.71,0.007386
17250,6.12,0.016897
17255,17.47,0.000084
17260,-13.36,0.463352
17265,17.91,0.000165
17270,5.94,0.019695
17275,11.34,0.002794
17280,12.55,0.000949
17285,-7.14,0.259453
17290,22.81,0.000042
17295,23.81,0.000011
17300,-13.73,0.480693
17305,4.15,0.028044
17310,9.36,0.005491
17315,24.62,0.000067
17320,-3.64,0.165704
17325,14.39,0.000799
17330,14.72,0.001098
17335,-4.90,0.191858
17340,19.35,0.023955
17345,13.14,0.028789
17350,16.45,0.061656
17355,-1.05,0.127559
17360,-11.63,0.446840
17365,-3.00,0.182002
17370,5.98,0.088715
17375,5.79,0.071124
17380,18.66,0.051050
17385,23.62,0.032308
17390,-13.52,0.506651
17395,2.85,0.054202
17400,4.10,0.037236
17405,8.04,0.013984
17410,11.85,0.003216
17415,18.16,0.001828
17420,17.21,0.001107
17425,-4.66,0.186690
17430,4.40,0.032374
17435,2.20,0.050840
17440,5.10,0.022028
17445,1.63,0.055664
17450,-11.45,0.397197
17455,23.66,0.000365
17460,21.43,0.000331
17465,4.03,0.030260
17470,10.25,0.003031
17475,2.51,0.046528
17480,5.09,0.023228
17485,15.74,0.000331
17490,5.92,0.017798
17495,20.98,0.000150
17500,23.65,0.000151
17505,2.18,0.047862
17510,4.02,0.029135
17515,1.93,0.054646
17520,3.22,0.035369
17525,-0.70,0.095560
17530,5.27,0.019805
17535,-3.81,0.159433
17540,24.29,0.000094
17545,6.99,0.013219
17550,7.22,0.008321
17555,0.02,0.083853
17560,-12.48,0.439771
17565,-5.22,0.206150
17570,-2.01,0.118503
17575,12.37,0.000915
17580,22.47,0.000064
17585,15.81,0.000241
17590,-8.73,0.306978
17595,-9.71,0.344916
17600,21.32,0.000072
17605,15.78,0.000167
17610,9.07,0.004695
17615,-14.14,0.501752
17620,9.42,0.004180
17625,5.49,0.019130
17630,22.83,0.000044
17635,-9.58,0.343640
17640,-12.95,0.455419
17645,4.04,0.032001
17650,0.44,0.073916
17655,7.39,0.009121
17660,-7.46,0.264573
17665,18.60,0.000064
17670,10.28,0.002658
17675,-12.77,0.448842
17680,-3.43,0.153468
17685,6.46,0.013055
17690,6.83,0.011943
17695,2.93,0.042529
17700,13.93,0.000383
17705,19.65,0.000048
17710,-0.35,0.091401
17715,16.95,0.000098
17720,-11.84,0.414709
17725,-1.77,0.112788
17730,9.24,0.004221
17735,-10.16,0.359048
17740,-12.80,0.443789
17745,-12.45,0.436187
17750,-10.50,0.363876
17755,21.55,0.000036
17760,22.55,0.000028
17765,13.99,0.000531
17770,4.56,0.023203
17775,23.64,0.000025
17780,9.11,0.004635
17785,6.66,0.012750
17790,5.47,0.017683
17795,23.05,0.000017
17800,-0.81,0.097048
17805,5.34,0.022030
17810,20.69,0.000018
17815,-9.80,0.344320
17820,1.94,0.048946
17825,8.89,0.005250
17830,12.54,0.000911
17835,-14.72,0.510671
17840,14.25,0.000241
17845,-0.60,0.089630
17850,-3.04,0.144656
17855,8.09,0.007696
17860,15.01,0.000215
17865,-11.83,0.419775
17870,-10.59,0.375366
17875,9.49,0.005290
17880,12.23,0.000834
17885,-8.89,0.313412
17890,17.45,0.000038
17895,22.76,0.000016
17900,2.27,0.045883
17905,12.15,0.000816
17910,15.78,0.000094
17915,-6.25,0.225534
17920,20.53,0.000021
17925,-11.54,0.408497
17930,1.90,0.051786
17935,22.20,0.000019
17940,21.82,0.000015
17945,-2.14,0.123543
17950,-8.61,0.302442
17955,-0.18,0.086225
17960,21.76,0.000016
17965,23.07,0.000020
17970,5.35,0.017531
17975,-7.81,0.283008
17980,-1.18,0.100875
17985,11.49,0.001196
17990,-0.94,0.100043
17995,-1.47,0.107588
18000,5.05,0.020924
18005,-1.46,0.109852
18010,15.56,0.000112
18015,7.23,0.008266
18020,-6.38,0.231544
18025,3.88,0.030112
18030,20.72,0.000016
18035,17.08,0.000052
18040,8.17,0.007070
18045,12.43,0.000896
18050,-7.90,0.282789
18055,0.67,0.072235
18060,3.34,0.036241
18065,12.71,0.000703
18070,-12.24,0.440906
18075,6.12,0.016369
18080,3.95,0.032415
18085,18.92,0.000026
18090,-8.02,0.289275
18095,23.91,0.000038
18100,-7.52,0.271175
18105,11.69,0.000877
18110,14.43,0.000223
18115,5.30,0.023067
18120,15.67,0.000210
18125,14.64,0.000270
18130,7.37,0.008800
18135,15.34,0.000219
18140,12.49,0.000662
18145,4.67,0.027411
18150,14.44,0.000481
18155,-5.64,0.216441
18160,10.11,0.002719
18165,13.96,0.000470
18170,21.47,0.000018
18175,11.39,0.001207
18180,0.87,0.068203
18185,22.64,0.000016
18190,-9.66,0.345765
18195,-4.36,0.178687
18200,15.63,0.000065
18205,6.42,0.013599
18210,-0.54,0.090932
18215,14.67,0.000161
18220,-0.34,0.089151
18225,6.02,0.015739
18230,-1.07,0.102645
18235,10.11,0.002744
18240,-13.96,0.486467
18245,6.63,0.012459
18250,-12.36,0.428216
18255,24.33,0.000007
18260,19.62,0.000012
18265,-5.34,0.205579
18270,-14.20,0.496501
18275,6.53,0.010106
18280,-10.97,0.387874
18285,3.89,0.031725
18290,11.57,0.001071
18295,4.91,0.020368
18300,1.73,0.052772
18305,-11.45,0.411019
18310,-6.47,0.237127
18315,2.36,0.050829
18320,9.12,0.003846
18325,16.81,0.000031
18330,-7.10,0.257931
18335,-11.09,0.391100
18340,0.22,0.071422
18345,3.27,0.034109
18350,-13.10,0.452057
18355,-11.95,0.422654
18360,10.41,0.002209
18365,15.64,0.000089
18370,14.79,0.000113
18375,18.28,0.000016
18380,-8.92,0.312664
18385,-1.90,0.119614
18390,-11.67,0.412828
18395,9.68,0.002275
18400,12.43,0.000458
18405,-2.04,0.121529
18410,20.13,0.000010
18415,-7.22,0.252114
18420,-4.72,0.191461
18425,7.26,0.007767
18430,-1.30,0.106274
18435,17.77,0.000046
18440,-6.20,0.227004
18445,8.33,0.005974
18450,-10.64,0.374175
18455,6.33,0.016028
18460,7.93,0.007282
18465,4.39,0.025934
18470,23.86,0.000008
18475,-4.84,0.189116
18480,20.43,0.000009
18485,3.01,0.037948
18490,20.98,0.000010
18495,-9.95,0.350183
18500,-6.54,0.236184
18505,23.95,0.000006
18510,10.36,0.001873
18515,2.98,0.042902
18520,-0.65,0.094498
18525,-3.10,0.148248
18530,14.42,0.000270
18535,15.64,0.000087
18540,3.71,0.031783
18545,24.87,0.000010
18550,5.58,0.020110
18555,-11.22,0.398900
18560,19.21,0.000010
18565,-6.69,0.244836
18570,-6.37,0.236735
18575,10.78,0.001568
18580,17.85,0.000020
18585,-6.18,0.231873
18590,4.07,0.028792
18595,20.65,0.000008
18600,-7.50,0.269297
18605,1.58,0.054726
18610,13.27,0.000409
18615,-1.04,0.097253
18620,24.97,0.000006
18625,-13.74,0.475374
18630,23.46,0.000006
18635,-2.51,0.127489
18640,4.32,0.027161
18645,-14.09,0.504835
18650,18.97,0.000064
18655,3.46,0.033051
18660,-9.33,0.329860
18665,17.51,0.000039
18670,-14.12,0.486489
18675,11.42,0.001117
18680,5.97,0.016821
18685,13.85,0.000322
18690,-8.78,0.310859
18695,11.12,0.001292
18700,6.27,0.015548
18705,-8.62,0.307497
18710,5.15,0.021772
18715,2.25,0.051735
18720,-14.44,0.500471
18725,9.33,0.004206
18730,-2.05,0.123241
18735,-0.66,0.090640
18740,-10.77,0.375270
18745,2.07,0.050781
18750,-9.88,0.353740
18755,2.68,0.044874
18760,-3.77,0.154850
18765,-13.34,0.464386
18770,4.30,0.025945
18775,-4.34,0.181637
18780,-8.57,0.306243
18785,20.41,0.000017
18790,15.21,0.000118
18795,3.32,0.037519
18800,-1.67,0.114540
18805,6.72,0.012815
18810,-8.65,0.301329
18815,-12.49,0.432657
18820,-10.14,0.357726
18825,10.10,0.001789
18830,15.64,0.000099
18835,13.01,0.000376
18840,10.80,0.001625
18845,4.25,0.027986
18850,19.92,0.000015
18855,24.15,0.000011
18860,11.24,0.001482
18865,-2.05,0.116885
18870,21.69,0.000004
18875,0.10,0.084185
18880,24.05,0.000009
18885,-3.72,0.160164
18890,23.44,0.000006
18895,8.91,0.005573
18900,-8.57,0.306391
18905,22.65,0.000013
18910,-8.18,0.291357
18915,-14.31,0.494579
18920,-11.68,0.411597
18925,-0.75,0.096756
18930,12.60,0.000935
18935,4.35,0.027612
18940,1.63,0.055545
18945,9.54,0.005086
18950,15.80,0.000309
18955,17.64,0.000077
18960,-1.60,0.114800
18965,-2.97,0.144858
18970,5.42,0.021135
18975,-4.12,0.170974
18980,20.69,0.000028
18985,22.07,0.000010
18990,9.95,0.002877
18995,-1.26,0.106289
19000,-9.91,0.353090
19005,13.93,0.000981
19010,19.92,0.000137
19015,8.84,0.006368
19020,-13.75,0.478652
19025,5.71,0.019649
19030,-2.22,0.123573
19035,-8.31,0.298373
19040,17.43,0.000106
19045,3.63,0.032682
19050,1.00,0.063593
19055,-3.61,0.158770
19060,-8.49,0.299171
19065,23.75,0.000010
19070,-13.54,0.474131
19075,5.51,0.019966
19080,24.72,0.000009
19085,-0.21,0.082426
19090,22.25,0.000013
19095,-14.25,0.496052
19100,-2.83,0.136786
19105,12.90,0.000574
19110,16.74,0.000042
19115,-11.53,0.405872
19120,14.89,0.000109
19125,-10.70,0.376451
19130,-12.39,0.438564
19135,-7.73,0.273583
19140,-3.47,0.149592
19145,24.09,0.000004
19150,-5.40,0.201369
19155,21.06,0.000007
19160,14.27,0.000178
19165,11.26,0.001202
19170,17.53,0.000016
19175,15.17,0.000171
19180,8.46,0.004352
19185,-12.51,0.435689
19190,17.33,0.000021
19195,13.35,0.000241
19200,8.99,0.004530
19205,24.41,0.000004
19210,7.38,0.008135
19215,5.36,0.019214
19220,-12.24,0.442640
19225,-4.44,0.174908
19230,11.22,0.001309
19235,-7.11,0.252004
19240,-11.38,0.401090
19245,16.86,0.000033
19250,-10.98,0.387637
19255,-11.08,0.395180
19260,7.37,0.009043
19265,12.42,0.000843
19270,11.19,0.001624
19275,0.02,0.080330
19280,9.33,0.004953
19285,19.01,0.000030
19290,13.63,0.000279
19295,22.19,0.000024
19300,-11.82,0.420703
19305,23.92,0.000005
19310,14.23,0.000307
19315,21.37,0.000004
19320,1.15,0.060932
19325,15.20,0.000116
19330,18.22,0.000011
19335,-8.85,0.313831
19340,9.30,0.003391
19345,-5.80,0.219475
19350,-7.86,0.284716
19355,7.01,0.010372
19360,12.01,0.001021
19365,7.76,0.006932
19370,10.13,0.003593
19375,19.58,0.000082
19380,18.64,0.000026
19385,12.36,0.001025
19390,10.72,0.004162
19395,7.70,0.009094
19400,10.77,0.002646
19405,22.27,0.000058
19410,16.15,0.000114
19415,14.09,0.000378
19420,13.90,0.000422
19425,13.56,0.000351
19430,21.96,0.000053
19435,22.47,0.000011
19440,4.63,0.024967
19445,12.48,0.002790
19450,9.68,0.003972
19455,18.35,0.000702
19460,-3.61,0.160872
19465,21.42,0.000042
19470,16.06,0.000091
19475,-11.39,0.406815
19480,-3.55,0.158333
19485,17.77,0.000151
19490,-6.53,0.242453
19495,-8.79,0.309023
19500,4.59,0.026202
19505,-6.56,0.243525
19510,16.61,0.000082
19515,-2.71,0.139523
19520,22.00,0.000040
19525,22.81,0.000014
19530,-7.15,0.255922
19535,-11.85,0.414303
19540,10.51,0.002072
19545,18.88,0.000016
19550,-10.69,0.371827
19555,17.37,0.000056
19560,-12.03,0.426432
19565,-6.34,0.235178
19570,24.96,0.000004
19575,-8.99,0.316184
19580,-12.75,0.449666
19585,15.73,0.000067
19590,7.55,0.008243
19595,-2.06,0.120259
19600,-4.14,0.171912
19605,4.82,0.022328
19610,-6.53,0.239319
19615,23.92,0.000013
19620,18.81,0.000022
19625,-14.65,0.504866
19630,-9.58,0.332832
19635,12.94,0.000563
19640,2.52,0.047437
19645,6.57,0.014168
19650,3.05,0.039665
19655,24.25,0.000032
19660,22.75,0.000119
19665,-9.10,0.322585
19670,7.08,0.013075
19675,13.01,0.000617
19680,-4.89,0.193280
19685,15.46,0.000145
19690,8.80,0.005299
19695,-5.99,0.227105
19700,-12.99,0.455692
19705,-11.69,0.417782
19710,5.46,0.019734
19715,14.39,0.000212
19720,-7.62,0.276199
19725,14.23,0.000292
19730,0.97,0.065578
19735,21.06,0.000009
19740,11.79,0.001017
19745,20.41,0.000012
19750,1.04,0.062281
19755,12.22,0.001036
19760,-9.30,0.333770
19765,18.70,0.000083
19770,19.69,0.000010
19775,18.76,0.000016
19780,0.78,0.072106
19785,0.10,0.082238
19790,18.11,0.000090
19795,20.77,0.000311
19800,4.72,0.027555
19805,5.57,0.020521
19810,7.53,0.009393
19815,6.92,0.013727
19820,-10.14,0.358259
19825,21.78,0.000086
19830,-2.29,0.125753
19835,22.05,0.000046
19840,18.23,0.000050
19845,8.88,0.004980
19850,0.17,0.081580
19855,7.47,0.009381
19860,-7.80,0.278650
19865,-4.60,0.184514
19870,-6.26,0.227143
19875,22.31,0.000009
19880,-6.89,0.251728
19885,6.38,0.014491
19890,14.77,0.000170
19895,-8.08,0.290903
19900,17.11,0.000039
19905,0.67,0.066822
19910,-11.54,0.409804
19915,-6.90,0.254013
19920,6.04,0.014838
19925,-7.87,0.277446
19930,14.48,0.000143
19935,12.46,0.000666
19940,14.20,0.000213
19945,2.20,0.047724
19950,13.07,0.000424
19955,1.76,0.056153
19960,6.68,0.010651
19965,10.22,0.002140
19970,-7.62,0.268050
19975,9.60,0.003338
19980,-11.93,0.416723
19985,-0.61,0.089731
19990,7.65,0.009929
19995,-9.51,0.339003
20000,22.03,0.000019
20005,3.17,0.034413
20010,-7.07,0.256799
20015,18.25,0.000143
20020,9.08,0.036138
20025,24.76,0.013688
20030,18.03,0.002877
20035,-8.17,0.312880
20040,18.99,0.074870
20045,11.93,0.159591
20050,16.64,0.104874
20055,7.75,0.057920
20060,21.89,0.047179
20065,1.09,0.086366
20070,-9.26,0.341645
20075,-0.82,0.109519
20080,21.76,0.003756
20085,2.94,0.050719
20090,13.54,0.004362
20095,-13.22,0.471179
20100,18.65,0.000897
20105,-12.58,0.449174
20110,12.87,0.001796
20115,13.70,0.001164
20120,-13.57,0.478417
20125,24.98,0.000529
20130,11.57,0.002363
20135,-3.12,0.145040
20140,18.02,0.000383
20145,23.84,0.000183
20150,-2.88,0.142351
20155,-8.74,0.315255
20160,11.95,0.001625
20165,6.49,0.015690
20170,11.78,0.001833
20175,24.50,0.000257
20180,-13.38,0.477577
20185,-0.12,0.085864
20190,-0.40,0.094109
20195,8.10,0.009401
20200,13.32,0.000925
20205,-3.48,0.158202
20210,23.61,0.000096
20215,-14.90,0.517684
20220,-9.44,0.331927
20225,24.35,0.000066
20230,-3.90,0.165517
20235,16.20,0.000265
20240,-1.17,0.104330
20245,-6.75,0.242348
20250,19.84,0.000130
20255,15.28,0.000184
20260,-3.41,0.158297
20265,3.46,0.037664
20270,18.16,0.000096
20275,17.84,0.000120
20280,-7.99,0.284034
20285,8.44,0.005265
20290,-6.66,0.245394
20295,20.52,0.000040
20300,20.77,0.000055
20305,-11.34,0.398841
20310,-4.93,0.190400
20315,11.40,0.001157
20320,9.33,0.004079
20325,23.32,0.000032
20330,24.57,0.000030
20335,-8.67,0.305207
20340,3.37,0.040783
20345,-11.91,0.416269
20350,16.13,0.000084
20355,22.39,0.000032
20360,18.22,0.000059
20365,7.99,0.005925
20370,2.67,0.041014
20375,9.32,0.004673
20380,-2.59,0.132610
20385,23.15,0.000019
20390,21.01,0.000033
20395,18.28,0.000049
20400,13.69,0.000405
20405,-9.71,0.341916
20410,-12.42,0.431084
20415,11.69,0.000957
20420,11.54,0.001605
20425,-0.56,0.094196
20430,-10.13,0.353646
20435,16.42,0.000077
20440,10.07,0.002711
20445,-8.63,0.308095
20450,5.40,0.018414
20455,-5.67,0.208607
20460,23.74,0.000037
20465,-13.79,0.483082
20470,-13.59,0.481707
20475,23.40,0.000014
20480,24.75,0.000026
20485,3.97,0.032954
20490,9.26,0.004134
20495,7.46,0.008652
20500,-11.27,0.401707
20505,14.38,0.000214
20510,23.55,0.000021
20515,-9.32,0.329634
20520,22.27,0.000010
20525,-2.83,0.139379
20530,16.18,0.000120
20535,16.84,0.000173
20540,-6.21,0.236854
20545,14.86,0.000253
20550,21.32,0.000056
20555,24.55,0.000112
20560,12.81,0.000529
20565,-8.71,0.314043
20570,-2.88,0.140282
20575,-5.05,0.197159
20580,0.77,0.070093
20585,17.42,0.000048
20590,-9.84,0.347502
20595,-4.09,0.171982
20600,16.51,0.000090
20605,-14.47,0.505596
20610,20.12,0.000024
20615,21.20,0.000013
20620,-9.75,0.345788
20625,-5.96,0.222935
20630,8.54,0.005104
20635,-10.63,0.379932
20640,-13.24,0.464870
20645,17.15,0.000075
20650,0.90,0.064674
20655,-5.97,0.217613
20660,22.77,0.000010
20665,21.82,0.000015
20670,18.92,0.000020
20675,22.33,0.000010
20680,2.07,0.056182
20685,6.36,0.011973
20690,15.54,0.000099
20695,2.01,0.050766
20700,5.69,0.017674
20705,-5.95,0.223553
20710,6.13,0.015209
20715,16.21,0.000048
20720,-13.17,0.459203
20725,22.29,0.000011
20730,4.99,0.019468
20735,-0.03,0.076979
20740,11.98,0.000855
20745,7.09,0.010272
20750,8.86,0.004922
20755,15.32,0.000086
20760,-11.28,0.394069
20765,-8.83,0.313480
20770,-4.57,0.180867
20775,17.79,0.000034
20780,-6.56,0.240608
20785,-13.10,0.455480
20790,10.76,0.001477
20795,12.36,0.000755
20800,-4.49,0.178571
20805,-5.06,0.193850
20810,10.87,0.001473
20815,5.28,0.017874
20820,19.23,0.000015
20825,15.72,0.000084
20830,-14.28,0.502571
20835,0.10,0.082765
20840,-7.26,0.265158
20845,-11.35,0.404358
20850,9.75,0.002933
20855,1.26,0.061831
20860,23.84,0.000015
20865,-13.48,0.471354
20870,-11.85,0.415519
20875,2.29,0.049026
20880,-5.61,0.209461
20885,-10.86,0.383673
20890,13.56,0.000239
20895,-12.70,0.442189
20900,15.02,0.000178
20905,24.38,0.000007
20910,-6.47,0.239998
20915,5.42,0.017344
20920,16.77,0.000049
20925,16.04,0.000074
20930,2.49,0.049264
20935,16.42,0.000212
20940,13.13,0.001210
20945,-8.68,0.314991
20950,-9.25,0.331207
20955,22.12,0.000039
20960,-6.20,0.228041
20965,6.16,0.017351
20970,6.38,0.016182
20975,-7.18,0.266167
20980,8.80,0.005549
20985,-5.73,0.211662
20990,-3.90,0.170487
20995,-10.31,0.367717
21000,-3.97,0.166978
21005,10.08,0.003180
21010,-13.36,0.466532
21015,5.19,0.021874
21020,-0.72,0.090902
21025,23.38,0.000010
21030,10.35,0.002483
21035,14.42,0.000294
21040,4.51,0.024738
21045,9.30,0.004056
21050,18.46,0.000018
21055,3.04,0.040036
21060,13.14,0.000369
21065,17.91,0.000031
21070,-3.05,0.145892
21075,7.45,0.008767
21080,0.41,0.074415
21085,-1.83,0.116034
21090,-6.16,0.225473
21095,15.33,0.000128
21100,21.55,0.000008
21105,3.05,0.040798
21110,6.80,0.013092
21115,-13.23,0.459142
21120,5.99,0.015236
21125,15.77,0.000130
21130,-1.51,0.115387
21135,-8.67,0.311887
21140,-5.95,0.222261
21145,7.14,0.010985
21150,8.68,0.005663
21155,-6.67,0.236919
21160,-12.17,0.423533
21165,-4.34,0.176325
21170,14.28,0.000265
21175,9.32,0.004389
21180,9.87,0.002527
21185,-2.52,0.127254
21190,20.41,0.000009
21195,-5.94,0.219598
21200,4.97,0.022713
21205,20.57,0.000013
21210,12.32,0.000739
21215,19.58,0.000027
21220,-12.52,0.445992
21225,-10.54,0.372684
21230,-8.13,0.288895
21235,24.53,0.000008
21240,-6.37,0.231281
21245,16.23,0.000089
21250,-12.16,0.429729
21255,-5.75,0.219792
21260,5.02,0.020183
21265,12.23,0.000750
21270,-2.87,0.142271
21275,-11.32,0.399525
21280,5.51,0.017731
21285,19.09,0.000015
21290,-3.51,0.151516
21295,-10.52,0.370615
21300,5.51,0.016440
21305,-0.31,0.085841
21310,9.20,0.003789
21315,17.28,0.000038
21320,6.75,0.011535
21325,14.82,0.000130
21330,9.10,0.004525
21335,-5.31,0.202953
21340,10.65,0.001987
21345,0.40,0.074168
21350,9.54,0.002782
21355,1.20,0.060748
21360,-14.74,0.504545
21365,17.37,0.000031
21370,19.57,0.000012
21375,19.90,0.000010
21380,23.82,0.000007
21385,-10.80,0.378937
21390,16.56,0.000066
21395,11.65,0.000859
21400,10.30,0.002400
21405,-2.44,0.133605
21410,11.72,0.001004
21415,1.62,0.055655
21420,11.16,0.001495
21425,3.75,0.033108
21430,16.86,0.000039
21435,-2.42,0.126848
21440,1.34,0.062749
21445,2.40,0.046404
21450,23.49,0.000005
21455,-2.80,0.138567
21460,0.11,0.076388
21465,-5.33,0.204376
21470,3.48,0.034713
21475,12.88,0.001094
21480,21.21,0.000027
21485,-7.19,0.262425
21490,-8.45,0.297763
21495,-7.58,0.274078
21500,11.19,0.001374
21505,-2.00,0.121068
21510,-8.06,0.291681
21515,23.41,0.000011
21520,5.05,0.022798
21525,24.05,0.000011
21530,15.62,0.000215
21535,-8.99,0.323690
21540,23.24,0.000007
21545,-6.49,0.240416
21550,-12.20,0.437862
21555,13.43,0.000538
21560,14.55,0.000182
21565,9.20,0.005000
21570,11.29,0.002262
21575,1.81,0.053039
21580,9.17,0.004217
21585,3.25,0.039552
21590,-5.35,0.201023
21595,5.11,0.023653
21600,-11.36,0.400871
21605,6.92,0.010282
21610,7.28,0.009348
21615,-7.82,0.278688
21620,-3.79,0.156337
21625,13.61,0.000379
21630,20.00,0.000017
21635,17.53,0.000025
21640,-6.83,0.246339
21645,22.93,0.000005
21650,5.36,0.016628
21655,-6.06,0.222721
21660,-6.31,0.235221
21665,4.49,0.026541
21670,1.34,0.063143
21675,17.52,0.000026
21680,24.68,0.000007
21685,-3.03,0.142591
21690,-7.98,0.282514
21695,0.82,0.070931
21700,13.92,0.000364
21705,-3.20,0.148724
21710,20.73,0.000014
21715,23.17,0.000006
21720,19.28,0.000028
21725,19.52,0.000025
21730,7.23,0.010067
21735,-10.77,0.377870
21740,-13.19,0.460428
21745,-13.70,0.478851
21750,23.54,0.000012
21755,0.84,0.067340
21760,-11.63,0.406428
21765,-6.10,0.228972
21770,4.23,0.026497
21775,-12.33,0.437813
21780,16.81,0.000113
21785,-10.99,0.384013
21790,18.19,0.000024
21795,20.62,0.000008
21800,12.07,0.000660
21805,-13.51,0.471146
21810,21.13,0.000019
21815,4.80,0.025241
21820,-14.91,0.520175
21825,5.50,0.017186
21830,4.10,0.030507
21835,22.85,0.000026
21840,15.51,0.000206
21845,16.99,0.000064
21850,22.99,0.000016
21855,-12.34,0.433139
21860,1.97,0.051512
21865,1.26,0.059939
21870,2.98,0.040498
21875,4.85,0.024361
21880,21.32,0.000017
21885,0.32,0.074609
21890,0.90,0.070975
21895,-6.85,0.251336
21900,-10.17,0.357900
21905,-5.76,0.211773
21910,6.72,0.012373
21915,9.75,0.003241
21920,-12.64,0.443022
21925,22.23,0.000007
21930,19.26,0.000017
21935,-5.28,0.197248
21940,21.29,0.000008
21945,2.36,0.046782
21950,-5.53,0.212371
21955,15.19,0.000130
21960,5.66,0.016425
21965,22.72,0.000023
21970,-2.37,0.123680
21975,21.59,0.000005
21980,7.07,0.011231
21985,13.74,0.000218
21990,19.65,0.000007
21995,18.86,0.000013
22000,-5.05,0.194804
22005,3.61,0.033147
22010,6.21,0.013784
22015,14.59,0.000199
22020,1.50,0.054817
22025,21.64,0.000006
22030,1.63,0.056847
22035,24.37,0.000006
22040,-0.68,0.093105
22045,3.03,0.042736
22050,12.91,0.000665
22055,6.06,0.015232
22060,-0.76,0.092698
22065,3.00,0.041524
22070,-10.24,0.361192
22075,-1.07,0.099055
22080,-1.45,0.106786
22085,7.32,0.011037
22090,-5.14,0.195413
22095,12.79,0.000461
22100,12.26,0.000870
22105,3.87,0.030069
22110,-3.76,0.161241
22115,-13.75,0.486714
22120,-0.39,0.093452
22125,7.86,0.006687
22130,13.86,0.000268
22135,5.88,0.019962
22140,-14.78,0.518021
22145,9.02,0.004418
22150,8.58,0.005682
22155,13.76,0.000491
22160,18.40,0.000075
22165,-1.30,0.107426
22170,21.97,0.000012
22175,-3.80,0.166041
22180,-1.40,0.108949
22185,10.80,0.001939
22190,17.85,0.000025
22195,14.27,0.000133
22200,15.28,0.000090
22205,3.85,0.031578
22210,21.70,0.000005
22215,6.56,0.013262
22220,20.60,0.000006
22225,-2.75,0.140818
22230,13.55,0.000418
22235,-7.07,0.254539
22240,12.57,0.000858
22245,-8.52,0.302223
22250,-3.17,0.153101
22255,14.81,0.000233
22260,16.88,0.000063
22265,5.42,0.020645
22270,-3.56,0.150715
22275,8.15,0.007980
22280,21.17,0.000025
22285,-7.96,0.280548
22290,21.64,0.000003
22295,10.93,0.001241
22300,18.67,0.000043
22305,1.07,0.065310
22310,-4.34,0.177521
22315,-0.67,0.092410
22320,21.42,0.000008
22325,20.93,0.000006
22330,2.21,0.046419
22335,-0.12,0.086453
22340,-6.87,0.247547
22345,2.01,0.050450
22350,-11.57,0.410645
22355,-9.05,0.320055
22360,9.40,0.003877
22365,1.32,0.062811
22370,4.09,0.029513
22375,23.58,0.000006
22380,22.02,0.000005
22385,0.73,0.069812
22390,5.14,0.023226
22395,0.83,0.066255
22400,5.70,0.016439
22405,-5.62,0.208325
22410,12.38,0.000572
22415,20.46,0.000005
22420,23.70,0.000005
22425,4.11,0.030054
22430,-14.26,0.494165
22435,-11.44,0.407496
22440,-1.54,0.107346
22445,3.25,0.035745
22450,21.14,0.000011
22455,22.45,0.000005
22460,-4.91,0.189511
22465,-5.43,0.205538
22470,24.42,0.000009
22475,-11.07,0.394196
22480,3.45,0.040160
22485,3.35,0.039859
22490,16.00,0.001105
22495,23.58,0.000042
22500,24.49,0.000392
22505,-14.78,0.507455
22510,-7.90,0.282685
22515,-4.78,0.192746
22520,13.85,0.000224
22525,18.01,0.000049
22530,21.34,0.000030
22535,6.11,0.015290
22540,-5.11,0.192919
22545,4.28,0.029822
22550,-9.41,0.333881
22555,17.71,0.000074
22560,-0.86,0.104220
22565,18.05,0.000035
22570,-9.38,0.328179
22575,-13.23,0.463126
22580,22.35,0.000017
22585,-14.98,0.515350
22590,19.42,0.000017
22595,-9.72,0.345482
22600,13.04,0.000459
22605,10.73,0.003934
22610,7.64,0.009649
22615,8.11,0.006160
22620,21.85,0.000044
22625,16.22,0.000106
22630,-2.63,0.134230
22635,6.74,0.011481
22640,23.62,0.000006
22645,16.99,0.000066
22650,8.31,0.006939
22655,5.56,0.019358
22660,0.52,0.076514
22665,-2.42,0.129825
22670,1.67,0.055415
22675,16.60,0.000092
22680,-4.23,0.174089
22685,17.26,0.000101
22690,12.35,0.000650
22695,-2.17,0.124037
22700,24.79,0.000010
22705,-10.80,0.383787
22710,-0.11,0.085762
22715,17.15,0.000029
22720,-8.52,0.302663
22725,8.77,0.005650
22730,-7.71,0.276448
22735,-9.80,0.340498
22740,-11.44,0.401010
22745,-4.05,0.163797
22750,6.48,0.012797
22755,17.17,0.000047
22760,11.57,0.001451
22765,16.85,0.000102
22770,-9.94,0.349752
22775,-10.60,0.382157
22780,-2.86,0.144515
22785,13.24,0.000492
22790,-1.64,0.113344
22795,12.49,0.000712
22800,-1.81,0.114579
22805,-0.67,0.093459
22810,-13.27,0.463693
22815,1.80,0.057653
22820,20.51,0.000038
22825,6.22,0.014985
22830,-5.19,0.197024
22835,-4.00,0.174685
22840,22.36,0.000020
22845,8.28,0.006113
22850,14.45,0.000479
22855,-1.00,0.098426
22860,-10.91,0.384053
22865,-9.58,0.342185
22870,15.08,0.000125
22875,21.07,0.001068
22880,-12.46,0.446305
22885,12.63,0.000863
22890,-1.41,0.114103
22895,-9.69,0.350666
22900,7.97,0.007648
22905,13.15,0.000762
22910,4.51,0.028594
22915,5.42,0.023376
22920,-7.27,0.259950
22925,5.11,0.019217
22930,15.41,0.000107
22935,0.63,0.069700
22940,18.68,0.000009
22945,11.99,0.001286
22950,-6.01,0.220512
22955,4.97,0.023665
22960,23.53,0.000036
22965,15.90,0.000219
22970,-5.98,0.215463
22975,-4.85,0.187591
22980,-7.48,0.273233
22985,24.71,0.000008
22990,9.39,0.004101
22995,16.78,0.000030
23000,17.74,0.000033
23005,12.35,0.000699
23010,9.20,0.003766
23015,24.66,0.000004
23020,-12.61,0.443613
23025,-8.53,0.300388
23030,21.05,0.000016
23035,-5.22,0.202051
23040,-10.15,0.353829
23045,-3.07,0.148039
23050,-12.22,0.439048
23055,8.63,0.005693
23060,-6.90,0.254266
23065,-0.23,0.085848
23070,19.64,0.000006
23075,-8.78,0.307652
23080,9.65,0.003860
23085,-3.58,0.155958
23090,2.61,0.049836
23095,22.53,0.000143
23100,15.24,0.000582
23105,1.04,0.064751
23110,-3.89,0.165052
23115,17.14,0.000077
23120,-4.93,0.190523
23125,6.16,0.014491
23130,9.01,0.003168
23135,24.06,0.000006
23140,22.60,0.000007
23145,11.14,0.001361
23150,17.83,0.000037
23155,-7.48,0.265886
23160,22.23,0.000007
23165,-8.11,0.287238
23170,12.18,0.000814
23175,8.52,0.006323
23180,-5.95,0.221535
23185,-5.91,0.215682
23190,19.88,0.000019
23195,-14.17,0.523080
23200,23.05,0.000018
23205,-10.52,0.408448
23210,-1.91,0.135523
23215,-9.79,0.342327
23220,-2.80,0.144104
23225,-2.07,0.123442
23230,21.80,0.000010
23235,-2.30,0.127925
23240,-4.67,0.185359
23245,-13.99,0.493989
23250,-12.76,0.451055
23255,-10.37,0.365231
23260,2.35,0.047119
23265,-1.11,0.103266
23270,-0.49,0.090455
23275,-14.22,0.495169
23280,2.96,0.038765
23285,-14.28,0.492317
23290,-11.18,0.388659
23295,-3.84,0.161419
23300,0.85,0.069709
23305,-5.52,0.211540
23310,13.49,0.000305
23315,19.49,0.000013
23320,-2.19,0.126956
23325,9.57,0.002221
23330,13.08,0.000345
23335,-9.74,0.340537
23340,17.22,0.000027
23345,-3.55,0.151198
23350,10.30,0.001696
23355,-10.27,0.356521
23360,-3.40,0.151619
23365,23.43,0.000003
23370,9.41,0.003918
23375,8.53,0.005644
23380,-14.55,0.503059
23385,12.69,0.000580
23390,-13.34,0.464967
23395,13.28,0.000251
23400,9.14,0.004374
23405,18.56,0.000009
23410,-13.67,0.500407
23415,2.49,0.048066
23420,20.89,0.001948
23425,-10.06,0.377853
23430,7.07,0.076728
23435,1.73,0.139198
23440,13.96,0.028375
23445,2.33,0.070964
23450,-6.55,0.260722
23455,-6.94,0.263927
23460,8.84,0.017103
23465,21.80,0.004803
23470,13.22,0.002936
23475,-7.91,0.292112
23480,7.52,0.012874
23485,1.58,0.059066
23490,2.85,0.046804
23495,-2.41,0.137311
23500,20.43,0.000416
23505,19.77,0.000361
23510,-11.26,0.394935
23515,3.26,0.039000
23520,16.00,0.000899
23525,15.87,0.000393
23530,-3.91,0.171102
23535,11.88,0.001426
23540,-7.38,0.263639
23545,11.71,0.001598
23550,1.54,0.061170
23555,23.60,0.000078
23560,23.60,0.000059
23565,2.37,0.046361
23570,13.85,0.000459
23575,5.73,0.015857
23580,10.77,0.002618
23585,-4.33,0.179961
23590,19.97,0.000044
23595,15.28,0.000213
23600,-3.18,0.150308
23605,-8.39,0.301034
23610,-13.44,0.469005
23615,4.15,0.027443
23620,-1.81,0.116694
23625,-7.29,0.263359
23630,16.82,0.000101
23635,15.33,0.000196
23640,19.13,0.000040
23645,24.52,0.000017
23650,3.86,0.029924
23655,23.38,0.000015
23660,0.40,0.074064
23665,-3.59,0.159048
23670,-3.11,0.145231
23675,8.38,0.006137
23680,3.47,0.038697
23685,-0.50,0.092571
23690,1.35,0.063216
23695,21.58,0.000015
23700,22.51,0.000016
23705,11.11,0.000969
23710,6.56,0.012218
23715,11.34,0.001492
23720,15.35,0.000101
23725,19.88,0.000021
23730,3.78,0.034267
23735,-4.07,0.172156
23740,18.31,0.000026
23745,23.18,0.000009
23750,12.53,0.000672
23755,19.81,0.000022
23760,-10.93,0.385565
23765,-2.65,0.138660
23770,14.26,0.000349
23775,0.41,0.077080
23780,9.65,0.002886
23785,-12.30,0.431049
23790,-12.99,0.451143
23795,-2.24,0.129803
23800,2.99,0.041439
23805,9.79,0.002751
23810,13.05,0.000591
23815,-6.11,0.229177
23820,-10.11,0.357994
23825,8.25,0.007242
23830,24.89,0.000006
23835,-12.07,0.423398
23840,17.76,0.000016
23845,-11.81,0.416912
23850,-3.55,0.155875
23855,7.63,0.009192
23860,6.86,0.009415
23865,18.87,0.000020
23870,-11.78,0.418883
23875,-5.03,0.194590
23880,22.12,0.000010
23885,-2.85,0.140570
23890,15.50,0.000162
23895,5.02,0.022799
23900,-2.62,0.135835
23905,8.14,0.005573
23910,21.29,0.000007
23915,3.10,0.037422
23920,-5.07,0.197810
23925,4.01,0.028107
23930,-7.63,0.275358
23935,8.78,0.004775
23940,3.78,0.034330
23945,20.97,0.000007
23950,-15.00,0.522893
23955,17.61,0.000028
23960,21.92,0.000004
23965,-0.58,0.094497
23970,10.00,0.002256
23975,-2.01,0.118293
23980,22.78,0.000005
23985,4.91,0.022559
23990,15.17,0.000256
23995,21.96,0.000006
24000,21.02,0.000063
24005,16.82,0.000072
24010,4.44,0.028416
24015,-12.27,0.431758
24020,22.49,0.000012
24025,-8.43,0.296033
24030,-1.64,0.113391
24035,-10.07,0.357465
24040,-8.80,0.305223
24045,-11.95,0.421981
24050,11.57,0.001271
24055,13.14,0.000528
24060,-0.81,0.099120
24065,11.08,0.001505
24070,18.19,0.000021
24075,-8.10,0.286804
24080,-1.89,0.118789
24085,24.19,0.000003
24090,15.62,0.000081
24095,-3.53,0.151086
24100,-2.13,0.121264
24105,2.03,0.051177
24110,-10.89,0.389576
24115,20.81,0.000010
24120,-0.55,0.089385
24125,-8.51,0.297456
24130,13.66,0.000299
24135,-0.86,0.097819
24140,23.94,0.000004
24145,-10.33,0.363317
24150,14.94,0.000270
24155,24.38,0.000007
24160,2.29,0.047462
24165,-14.58,0.509827
24170,12.76,0.000416
24175,4.04,0.029434
24180,-12.86,0.447976
24185,11.35,0.001187
24190,16.27,0.000063
24195,7.56,0.007777
24200,15.67,0.000083
24205,-5.25,0.203526
24210,10.64,0.001465
24215,-13.61,0.470222
24220,-1.70,0.115388
24225,24.36,0.000004
24230,4.82,0.021165
24235,6.83,0.009502
24240,2.38,0.046057
24245,9.72,0.002896
24250,-12.35,0.434322
24255,8.54,0.005660
24260,17.16,0.000036
24265,1.16,0.063181
24270,6.20,0.016138
24275,14.54,0.000162
24280,-4.36,0.181324
24285,-7.88,0.281925
24290,5.64,0.015610
24295,7.32,0.009170
24300,-12.36,0.428512
24305,-8.22,0.290305
24310,18.58,0.000008
24315,20.72,0.000007
24320,0.63,0.068812
24325,-1.91,0.116057
24330,3.37,0.034928
24335,-8.98,0.315487
24340,-1.94,0.112414
24345,18.55,0.000031
24350,8.77,0.004231
24355,-1.68,0.112676
24360,7.76,0.010442
24365,-11.43,0.402891
24370,-0.29,0.090102
24375,-14.87,0.510153
24380,-6.13,0.231722
24385,22.84,0.000008
24390,0.33,0.072926
24395,13.29,0.000414
24400,4.21,0.028880
24405,4.34,0.027095
24410,16.10,0.000100
24415,9.33,0.003947
24420,-4.74,0.182312
24425,20.17,0.000007
24430,5.85,0.016385
24435,-7.30,0.263172
24440,8.50,0.005806
24445,-11.99,0.420645
24450,13.03,0.000467
24455,21.59,0.000002
24460,7.19,0.008582
24465,-1.87,0.118960
24470,14.73,0.000199
24475,-9.78,0.342626
24480,-9.89,0.349837
24485,23.19,0.000004
24490,-11.14,0.392655
24495,10.49,0.001832
24500,24.11,0.000019
24505,6.38,0.013633
24510,-10.83,0.387839
24515,7.76,0.012286
24520,6.86,0.014675
24525,11.41,0.001524
24530,12.41,0.000657
24535,-10.27,0.364396
24540,-5.11,0.194895
24545,9.57,0.005683
24550,18.47,0.000031
24555,7.66,0.010100
24560,3.98,0.029726
24565,1.25,0.066197
24570,16.76,0.000382
24575,-2.07,0.127836
24580,5.10,0.024092
24585,-5.40,0.208760
24590,2.27,0.051214
24595,-4.30,0.175315
24600,12.62,0.001447
24605,-14.39,0.500733
24610,-9.17,0.331549
24615,-8.02,0.283294
24620,22.44,0.000048
24625,-13.74,0.478879
24630,-6.93,0.256829
24635,1.86,0.050337
24640,-10.50,0.366022
24645,15.46,0.000144
24650,1.75,0.056836
24655,19.61,0.000018
24660,-14.79,0.511753
24665,-1.74,0.114818
24670,11.17,0.001840
24675,6.10,0.016189
24680,-3.83,0.169063
24685,15.72,0.000051
24690,-3.05,0.146485
24695,2.82,0.042551
24700,16.95,0.000066
24705,2.44,0.045250
24710,5.54,0.019598
24715,18.15,0.000025
24720,-5.63,0.209087
24725,19.49,0.000022
24730,-3.50,0.153169
24735,-5.11,0.195901
24740,-13.94,0.489039
24745,-15.00,0.517545
24750,22.97,0.000006
24755,-4.85,0.185622
24760,-3.92,0.163354
24765,-3.59,0.151530
24770,0.54,0.071973
24775,-3.83,0.165438
24780,-14.57,0.500325
24785,8.98,0.004720
24790,-7.93,0.276665
24795,-1.07,0.097344
24800,13.83,0.000160
24805,-12.37,0.440355
24810,-8.34,0.303797
24815,11.93,0.000806
24820,9.13,0.003126
24825,-8.78,0.307058
24830,-14.29,0.495553
24835,-4.39,0.172859
24840,12.04,0.000841
24845,17.05,0.000032
24850,3.60,0.031780
24855,18.74,0.000018
24860,10.40,0.001745
24865,4.84,0.023568
24870,9.02,0.005635
24875,-2.62,0.132798
24880,20.67,0.000013
24885,24.82,0.000006
24890,23.86,0.000012
24895,-6.18,0.225459
24900,22.00,0.000107
24905,21.95,0.000016
24910,7.80,0.010397
24915,1.53,0.062395
24920,-5.83,0.219942
24925,-7.95,0.290917
24930,12.40,0.000961
24935,17.95,0.000120
24940,22.74,0.000055
24945,11.51,0.001159
24950,14.06,0.000264
24955,7.41,0.010229
24960,13.41,0.000285
24965,-6.04,0.220520
24970,10.55,0.001922
24975,10.12,0.003140
24980,19.74,0.000037
24985,12.96,0.000595
24990,-7.45,0.271692
24995,9.23,0.003224
25000,13.97,0.000323
25005,11.53,0.001759
25010,12.61,0.001162
25015,-3.13,0.145490
25020,-1.82,0.118986
25025,-11.46,0.404259
25030,-5.34,0.202710
25035,-3.97,0.169686
25040,17.39,0.000057
25045,-14.44,0.502667
25050,4.89,0.022707
25055,-8.46,0.294495
25060,-3.13,0.151515
25065,-13.90,0.487179
25070,3.59,0.033038
25075,-14.88,0.512812
25080,3.84,0.031444
25085,-1.67,0.118502
25090,-6.36,0.235592
25095,8.09,0.006035
25100,19.95,0.000009
25105,17.28,0.000023
25110,6.04,0.016702
25115,-3.62,0.154429
25120,-6.06,0.221691
25125,6.47,0.012308
25130,18.22,0.000015
25135,16.49,0.000022
25140,1.94,0.049668
25145,-7.39,0.264742
25150,3.44,0.033942
25155,17.03,0.000045
25160,19.49,0.000010
25165,20.94,0.000011
25170,19.38,0.000013
25175,15.95,0.000042
25180,14.32,0.000229
25185,4.95,0.020191
25190,-0.71,0.094627
25195,20.69,0.000009
25200,-6.92,0.245514
25205,18.26,0.000024
25210,20.44,0.000043
25215,22.14,0.000022
25220,-9.72,0.353249
25225,-8.75,0.311091
25230,-10.21,0.364967
25235,17.52,0.000030
25240,6.50,0.012225
25245,-14.26,0.495811
25250,-8.23,0.300786
25255,8.29,0.006435
25260,10.97,0.001771
25265,1.11,0.068426
25270,1.07,0.060540
25275,1.96,0.048354
25280,11.41,0.001226
25285,24.88,0.000005
25290,23.69,0.000003
25295,8.28,0.005269
25300,-12.20,0.424575
25305,9.43,0.003166
25310,-9.59,0.335981
25315,-4.11,0.173420
25320,22.03,0.000004
25325,11.49,0.001274
25330,1.44,0.063732
25335,-5.50,0.207715
25340,-12.32,0.432532
25345,1.12,0.064791
25350,6.26,0.013589
25355,-8.18,0.287424
25360,3.79,0.032120
25365,-13.16,0.460866
25370,-5.14,0.196839
25375,9.83,0.002420
25380,14.91,0.000229
25385,12.46,0.000520
25390,-6.45,0.231151
25395,8.91,0.005330
25400,-4.54,0.183330
25405,-13.50,0.470860
25410,1.09,0.061945
25415,1.97,0.054449
25420,24.10,0.000009
25425,21.17,0.000005
25430,4.00,0.031667
25435,-1.55,0.110519
25440,22.91,0.000012
25445,12.75,0.001078
25450,10.79,0.003065
25455,13.26,0.000769
25460,1.77,0.055433
25465,9.36,0.003391
25470,-2.19,0.122375
25475,8.35,0.006793
25480,13.02,0.000433
25485,5.77,0.016281
25490,-8.51,0.305523
25495,-0.38,0.088976
25500,-1.36,0.105421
25505,-14.05,0.488935
25510,6.46,0.012940
25515,21.91,0.000006
25520,13.00,0.000458
25525,-1.96,0.123886
25530,9.67,0.002520
25535,6.63,0.013865
25540,-5.56,0.212191
25545,17.38,0.000025
25550,10.60,0.002303
25555,11.56,0.000795
25560,7.24,0.010265
25565,23.01,0.000003
25570,10.84,0.001880
25575,4.46,0.023441
25580,-6.94,0.247583
25585,10.40,0.002310
25590,-9.24,0.321136
25595,-6.01,0.223456
25600,3.01,0.039581
25605,13.16,0.000425
25610,8.66,0.005165
25615,2.36,0.046853
25620,24.20,0.000004
25625,14.92,0.000202
25630,2.70,0.043013
25635,-8.34,0.294588
25640,-7.38,0.258350
25645,15.15,0.000142
25650,-3.42,0.159665
25655,1.72,0.057514
25660,-3.80,0.154827
25665,13.92,0.000225
25670,23.31,0.000011
25675,-0.21,0.086300
25680,-12.47,0.434034
25685,15.72,0.000061
25690,3.26,0.037718
25695,-6.47,0.239511
25700,5.00,0.023191
25705,14.57,0.000163
25710,-10.04,0.358543
25715,14.41,0.000239
25720,16.04,0.000056
25725,-10.39,0.367659
25730,13.48,0.000483
25735,-3.73,0.158213
25740,13.49,0.000272
25745,21.84,0.000003
25750,1.95,0.049955
25755,1.72,0.052306
25760,18.37,0.000011
25765,-14.03,0.491742
25770,-9.53,0.336600
25775,0.26,0.074647
25780,0.00,0.081607
25785,20.08,0.000006
25790,16.48,0.000036
25795,2.94,0.042182
25800,19.79,0.000006
25805,-7.13,0.254655
25810,11.33,0.001772
25815,-4.52,0.187247
25820,24.06,0.000029
25825,13.17,0.000445
25830,-5.28,0.201695
25835,10.97,0.001476
25840,-8.61,0.307407
25845,3.34,0.032165
25850,12.46,0.000676
25855,16.12,0.000111
25860,13.50,0.000291
25865,-12.23,0.430492
25870,5.72,0.015421
25875,20.11,0.000014
25880,-7.96,0.287377
25885,-7.18,0.255147
25890,-8.44,0.297521
25895,4.97,0.026979
25900,20.94,0.000005
25905,5.10,0.019824
25910,-7.43,0.262904
25915,11.02,0.001987
25920,10.63,0.001552
25925,-1.77,0.112114
25930,7.77,0.006284
25935,18.38,0.000012
25940,9.39,0.003537
25945,0.69,0.068719
25950,10.37,0.001886
25955,2.17,0.050418
25960,10.82,0.001609
25965,-5.83,0.221456
25970,2.16,0.047654
25975,0.49,0.075355
25980,11.64,0.000720
25985,10.26,0.002035
25990,14.57,0.000125
25995,5.13,0.018881
26000,13.07,0.000412
26005,21.01,0.000012
26010,9.16,0.004600
26015,24.76,0.000003
26020,10.52,0.002288
26025,24.17,0.000004
26030,21.15,0.000012
26035,-4.85,0.191245
26040,11.43,0.001117
26045,9.97,0.003452
26050,15.64,0.000078
26055,12.37,0.000837
26060,13.26,0.000309
26065,9.06,0.004520
26070,-9.39,0.328288
26075,-6.74,0.238819
26080,18.76,0.000005
26085,-1.73,0.116478
26090,10.41,0.002523
26095,6.66,0.015391
26100,-5.12,0.195130
26105,-7.21,0.256491
26110,1.57,0.058762
26115,4.29,0.026463
26120,-5.64,0.208960
26125,19.54,0.000005
26130,13.64,0.000338
26135,8.47,0.005396
26140,9.44,0.003269
26145,-1.47,0.109736
26150,2.63,0.044696
26155,-1.12,0.103151
26160,0.42,0.073753
26165,21.79,0.000004
26170,14.92,0.000160
26175,20.19,0.000003
26180,20.01,0.000021
26185,-6.50,0.237293
26190,-2.16,0.125590
26195,-6.20,0.225993
26200,0.62,0.069364
26205,-13.12,0.449858
26210,-8.96,0.317425
26215,7.88,0.005973
26220,23.07,0.000004
26225,20.62,0.000030
26230,-0.74,0.092961
26235,14.81,0.000144
26240,22.85,0.000006
26245,14.08,0.000243
26250,0.53,0.073456
26255,23.02,0.000004
26260,24.56,0.000004
26265,-6.29,0.235352
26270,18.03,0.000009
26275,19.74,0.000006
26280,7.06,0.013122
26285,12.39,0.000609
26290,-8.56,0.305052
26295,10.26,0.002334
26300,1.25,0.063101
26305,10.14,0.002121
26310,2.41,0.045704
26315,9.09,0.004506
26320,14.95,0.000167
26325,1.65,0.057961
26330,19.28,0.000010
26335,15.36,0.000163
26340,5.44,0.021550
26345,-12.02,0.426027
26350,3.61,0.036353
26355,15.01,0.000160
26360,22.31,0.000191
26365,22.37,0.000028
26370,23.51,0.000038
26375,16.79,0.000045
26380,3.25,0.038869
26385,8.79,0.008874
26390,22.50,0.000158
26395,4.29,0.029609
26400,-14.43,0.505969
26405,17.08,0.000070
26410,-7.78,0.279763
26415,9.20,0.005150
26420,-8.72,0.312789
26425,-3.91,0.165676
26430,-14.61,0.507447
26435,11.46,0.001532
26440,10.44,0.002534
26445,14.61,0.000842
26450,15.28,0.000241
26455,-10.26,0.367508
26460,-3.46,0.159098
26465,2.08,0.049747
26470,9.10,0.005384
26475,-10.29,0.364377
26480,18.79,0.000011
26485,20.06,0.000005
26490,14.49,0.000152
26495,-5.11,0.191759
26500,12.45,0.000569
26505,4.07,0.031063
26510,-6.35,0.229793
26515,1.22,0.059758
26520,-1.51,0.111000
26525,4.98,0.020780
26530,15.55,0.000091
26535,7.08,0.009233
26540,7.44,0.006954
26545,-8.52,0.304046
26550,10.79,0.002103
26555,-13.46,0.470748
26560,21.19,0.000009
26565,5.88,0.016420
26570,-14.01,0.489126
26575,-2.49,0.128360
26580,-13.05,0.452514
26585,-9.29,0.326800
26590,-11.74,0.411885
26595,9.53,0.003520
26600,19.49,0.000010
26605,9.94,0.002890
26610,8.53,0.006980
26615,7.10,0.012834
26620,22.46,0.000047
26625,19.23,0.000015
26630,3.00,0.040591
26635,15.45,0.000195
26640,3.30,0.039332
26645,-3.06,0.152440
26650,22.01,0.000010
26655,15.30,0.000155
26660,10.69,0.002794
26665,14.03,0.000554
26670,-9.23,0.321509
26675,20.56,0.000050
26680,5.50,0.019807
26685,5.11,0.021308
26690,-3.87,0.163313
26695,20.65,0.000011
26700,17.02,0.000028
26705,4.85,0.023094
26710,5.89,0.015601
26715,-9.19,0.323383
26720,6.78,0.010925
26725,10.27,0.001917
26730,1.55,0.055399
26735,-13.45,0.473427
26740,6.78,0.012428
26745,13.79,0.000292
26750,-7.43,0.267678
26755,23.57,0.000012
26760,-12.71,0.443625
26765,8.90,0.004599
26770,17.62,0.000021
26775,20.75,0.000012
26780,-12.38,0.430506
26785,-11.44,0.399304
26790,9.56,0.003798
26795,11.56,0.001393
26800,24.36,0.000003
26805,-4.05,0.165662
26810,2.28,0.046995
26815,-10.33,0.363645
26820,23.86,0.000003
26825,24.55,0.000007
26830,-7.84,0.276895
26835,-10.83,0.379610
26840,23.86,0.000003
26845,0.11,0.077877
26850,2.29,0.047580
26855,16.01,0.000094
26860,0.18,0.080625
26865,7.02,0.010330
26870,0.41,0.068396
26875,-8.03,0.280483
26880,-13.17,0.453220
26885,21.57,0.000004
26890,2.86,0.039932
26895,-11.47,0.398775
26900,-3.14,0.144741
26905,-14.53,0.502299
26910,-7.71,0.272610
26915,-10.19,0.367656
26920,-5.34,0.206615
26925,10.01,0.002507
26930,7.67,0.009042
26935,10.98,0.001508
26940,18.28,0.000021
26945,15.32,0.000081
26950,0.07,0.081417
26955,-2.02,0.121722
26960,15.97,0.000084
26965,21.40,0.000034
26970,14.89,0.000239
26975,16.62,0.000059
26980,-0.84,0.096383
26985,-13.63,0.473921
26990,8.92,0.003606
26995,21.12,0.000007
27000,-2.38,0.126087
27005,18.34,0.000026
27010,0.94,0.068000
27015,0.52,0.070142
27020,-13.98,0.496960
27025,23.99,0.000005
27030,-0.88,0.096984
27035,23.92,0.000006
27040,14.19,0.000235
27045,16.80,0.000038
27050,-6.12,0.220389
27055,13.26,0.000557
27060,5.55,0.017634
27065,-0.95,0.100531
27070,-13.96,0.485768
27075,1.95,0.059309
27080,20.13,0.001149
27085,8.58,0.008515
27090,-10.14,0.359987
27095,20.21,0.012816
27100,10.64,0.070753
27105,11.84,0.032738
27110,-12.76,0.500885
27115,21.81,0.001815
27120,18.38,0.001891
27125,-0.23,0.098620
27130,-4.26,0.177274
27135,16.49,0.000674
27140,-1.51,0.114493
27145,7.86,0.007922
27150,3.25,0.039098
27155,3.75,0.034507
27160,3.79,0.034786
27165,-9.66,0.340346
27170,1.76,0.054929
27175,-2.30,0.127323
27180,5.75,0.016752
27185,19.36,0.000026
27190,15.19,0.000144
27195,-8.79,0.317741
27200,8.24,0.008561
27205,19.65,0.000028
27210,-12.44,0.437938
27215,7.00,0.012786
27220,-12.14,0.426410
27225,2.84,0.043173
27230,17.09,0.000054
27235,-5.79,0.217934
27240,13.59,0.000269
27245,-14.66,0.513050
27250,24.44,0.000013
27255,15.17,0.000092
27260,9.10,0.003632
27265,-7.95,0.288423
27270,19.85,0.000014
27275,-1.27,0.101881
27280,23.06,0.000022
27285,21.18,0.000010
27290,-11.19,0.391634
27295,10.91,0.001617
27300,-13.01,0.448949
27305,3.57,0.033309
27310,5.05,0.021013
27315,-4.49,0.182856
27320,3.28,0.037265
27325,-4.11,0.168545
27330,-9.14,0.327128
27335,-11.43,0.399796
27340,20.93,0.000020
27345,17.69,0.000019
27350,-4.94,0.189121
27355,17.69,0.000023
27360,8.02,0.008378
27365,-9.47,0.337308
27370,17.04,0.000041
27375,20.72,0.000007
27380,3.60,0.033621
27385,-5.31,0.203447
27390,-14.87,0.513621
27395,10.12,0.002605
27400,5.80,0.015872
27405,15.54,0.000089
27410,11.61,0.001199
27415,14.34,0.000138
27420,19.67,0.000013
27425,3.31,0.036762
27430,-7.53,0.268291
27435,-0.81,0.099381
27440,-6.13,0.225284
27445,7.68,0.007724
27450,-9.75,0.344983
27455,14.13,0.000206
27460,13.28,0.000404
27465,-14.64,0.506370
27470,-12.22,0.423785
27475,-0.84,0.098950
27480,15.16,0.000127
27485,-4.36,0.176842
27490,-13.62,0.472180
27495,6.06,0.015214
27500,7.21,0.011023
27505,-11.89,0.415710
27510,18.77,0.000010
27515,-3.44,0.149490
27520,23.22,0.000003
27525,24.89,0.000003
27530,13.46,0.000270
27535,17.76,0.000032
27540,-2.62,0.132097
27545,-7.98,0.283355
27550,-9.34,0.327779
27555,-8.56,0.300323
27560,14.26,0.000183
27565,14.25,0.000197
27570,3.69,0.031192
27575,-12.33,0.428084
27580,20.21,0.000005
27585,-12.74,0.447798
27590,7.37,0.008758
27595,-0.98,0.098192
27600,9.42,0.003167
27605,14.93,0.000199
27610,-12.58,0.438961
27615,24.85,0.000005
27620,-10.77,0.386420
27625,4.75,0.023821
27630,20.37,0.000011
27635,-3.37,0.156586
27640,21.88,0.000006
27645,11.52,0.001087
27650,-6.71,0.246522
27655,21.38,0.000004
27660,-8.89,0.316759
27665,4.61,0.024772
27670,22.52,0.000005
27675,23.61,0.000006
27680,19.96,0.000009
27685,-13.26,0.465330
27690,22.88,0.000005
27695,1.17,0.063849
27700,22.97,0.000003
27705,14.58,0.000214
27710,20.38,0.000011
27715,8.94,0.005551
27720,22.47,0.000004
27725,-4.21,0.172791
27730,22.72,0.000003
27735,-12.58,0.441597
27740,8.57,0.004853
27745,15.94,0.000061
27750,-11.29,0.396253
27755,-0.16,0.082997
27760,-11.43,0.399904
27765,20.05,0.000004
27770,-13.09,0.461210
27775,18.16,0.000008
27780,3.74,0.031079
27785,13.21,0.000271
27790,-2.15,0.124812
27795,-6.19,0.225317
27800,-9.37,0.327896
27805,8.18,0.006535
27810,-14.30,0.496234
27815,-6.88,0.247392
27820,-12.05,0.423906
27825,9.51,0.003318
27830,2.16,0.047193
27835,16.52,0.000051
27840,-11.71,0.409806
27845,6.44,0.014056
27850,6.74,0.010837
27855,22.45,0.000007
27860,-10.55,0.374689
27865,9.33,0.003412
27870,-2.54,0.130177
27875,13.46,0.000307
27880,2.88,0.042074
27885,10.67,0.002707
27890,11.27,0.001113
27895,21.97,0.000008
27900,23.18,0.000005
27905,17.21,0.000021
27910,-5.55,0.204173
27915,12.57,0.000569
27920,-4.33,0.178627
27925,20.43,0.000005
27930,8.79,0.003713
27935,-13.77,0.478978
27940,22.62,0.000002
27945,-9.71,0.339220
27950,17.58,0.000014
27955,4.06,0.032363
27960,11.57,0.001501
27965,-10.85,0.398938
27970,5.38,0.019903
27975,8.49,0.005534
27980,15.72,0.000240
27985,6.24,0.016057
27990,22.25,0.000024
27995,19.82,0.000037
28000,-10.82,0.386971
28005,-14.94,0.520286
28010,-12.88,0.452184
28015,23.58,0.000016
28020,14.35,0.000154
28025,13.96,0.000250
28030,8.94,0.004056
28035,17.76,0.000020
28040,-3.95,0.163622
28045,7.76,0.006880
28050,8.96,0.003934
28055,24.22,0.000002
28060,19.84,0.000005
28065,-4.34,0.178693
28070,10.39,0.002284
28075,-4.85,0.186253
28080,13.37,0.000346
28085,6.32,0.014793
28090,15.41,0.000075
28095,15.15,0.000113
28100,3.56,0.033031
28105,19.18,0.000005
28110,-8.05,0.283969
28115,11.58,0.000882
28120,0.40,0.075574
28125,13.66,0.000207
28130,0.49,0.072966
28135,12.12,0.000770
28140,-14.88,0.511767
28145,12.24,0.001318
28150,-2.10,0.120840
28155,-8.15,0.295584
28160,24.91,0.000016
28165,-2.85,0.138328
28170,-3.25,0.149517
28175,24.39,0.000055
28180,-5.70,0.209463
28185,12.64,0.005829
28190,4.72,0.027561
28195,13.15,0.002896
28200,11.36,0.001979
28205,16.16,0.001059
28210,23.07,0.000323
28215,-8.71,0.308941
28220,22.95,0.000247
28225,-2.59,0.130472
28230,20.50,0.000121
28235,8.07,0.007782
28240,8.33,0.007986
28245,-3.16,0.144330
28250,9.66,0.003718
28255,18.19,0.000023
28260,5.28,0.020200
28265,2.83,0.037336
28270,-11.08,0.379101
28275,19.01,0.000010
28280,-6.25,0.231035
28285,-9.48,0.333929
28290,22.66,0.000004
28295,18.63,0.000019
28300,-6.49,0.232896
28305,5.14,0.020304
28310,-6.33,0.232443
28315,-8.22,0.290217
28320,6.92,0.009498
28325,10.85,0.001684
28330,5.41,0.015507
28335,-8.24,0.288584
28340,11.90,0.000712
28345,8.46,0.006018
28350,-3.71,0.156459
28355,0.29,0.074276
28360,22.46,0.000006
28365,0.55,0.071266
28370,12.50,0.000565
28375,-2.48,0.129022
28380,-14.73,0.511712
28385,14.20,0.000292
28390,9.57,0.003994
28395,8.49,0.005688
28400,-4.40,0.178904
28405,-10.85,0.378859
28410,18.87,0.000011
28415,3.21,0.037915
28420,-4.99,0.193563
28425,-11.47,0.399823
28430,11.71,0.001594
28435,-4.22,0.173507
28440,17.46,0.000014
28445,22.31,0.000005
28450,21.67,0.000014
28455,4.42,0.028067
28460,-0.02,0.084130
28465,12.11,0.000792
28470,17.07,0.000017
28475,-5.12,0.201814
28480,18.28,0.000016
28485,20.73,0.000004
28490,-1.66,0.110975
28495,21.83,0.000005
28500,-2.48,0.129940
28505,22.00,0.000005
28510,3.56,0.034482
28515,19.71,0.000007
28520,2.96,0.040560
28525,20.20,0.000004
28530,22.58,0.000004
28535,-1.83,0.113930
28540,-14.51,0.506812
28545,13.12,0.000489
28550,20.85,0.000004
28555,-10.09,0.349246
28560,10.17,0.002263
28565,15.35,0.000054
28570,-14.50,0.502220
28575,24.26,0.000002
28580,-0.42,0.089356
28585,18.27,0.000017
28590,3.49,0.034735
28595,13.45,0.000195
28600,-11.66,0.403222
28605,-2.14,0.121700
28610,1.51,0.055783
28615,-1.41,0.108238
28620,-7.25,0.260991
28625,-9.51,0.334936
28630,16.89,0.000035
28635,-3.46,0.150676
28640,2.57,0.044594
28645,12.47,0.000684
28650,15.77,0.000109
28655,2.10,0.051535
28660,-9.78,0.339709
28665,1.85,0.047225
28670,3.19,0.036297
28675,15.30,0.000123
28680,16.26,0.000044
28685,21.95,0.000008
28690,24.59,0.000004
28695,5.78,0.016205
28700,12.46,0.000625
28705,11.68,0.000907
28710,8.18,0.005699
28715,14.24,0.000106
28720,0.54,0.072998
28725,-1.89,0.113423
28730,-9.61,0.335046
28735,-0.28,0.086961
28740,-0.57,0.092212
28745,4.53,0.024679
28750,10.56,0.002138
28755,-10.32,0.361447
28760,20.24,0.000004
28765,20.35,0.000005
28770,21.34,0.000004
28775,-5.31,0.199219
28780,-12.15,0.428314
28785,19.27,0.000005
28790,-6.48,0.240323
28795,-4.48,0.178770
28800,-12.82,0.444161
28805,20.55,0.000009
28810,9.24,0.004068
28815,2.01,0.057266
28820,3.72,0.035128
28825,6.61,0.013903
28830,-9.67,0.345350
28835,3.33,0.039947
28840,-7.36,0.268257
28845,14.51,0.000775
28850,-8.59,0.307663
28855,-10.58,0.375449
28860,23.69,0.000013
28865,-8.10,0.284790
28870,5.02,0.022122
28875,-1.00,0.102353
28880,-4.10,0.171376
28885,8.97,0.005254
28890,-9.58,0.333705
28895,-12.28,0.433059
28900,-12.83,0.450680
28905,-1.27,0.104405
28910,2.34,0.046170
28915,10.99,0.001470
28920,-9.86,0.349832
28925,-3.74,0.161401
28930,23.84,0.000005
28935,18.74,0.000009
28940,1.90,0.054552
28945,7.54,0.007908
28950,0.33,0.077257
28955,10.18,0.003047
28960,-11.32,0.400116
28965,-4.75,0.181484
28970,-8.98,0.313355
28975,-12.05,0.422172
28980,14.16,0.000165
28985,-5.22,0.202335
28990,14.13,0.000132
28995,-5.42,0.208938
29000,17.37,0.000044
29005,-14.95,0.514899
29010,14.62,0.000094
29015,-11.44,0.403291
29020,24.75,0.000026
29025,10.64,0.002186
29030,0.23,0.077754
29035,0.17,0.076852
29040,-2.44,0.137833
29045,-7.03,0.252126
29050,16.87,0.000068
29055,1.77,0.057438
29060,15.29,0.000176
29065,3.74,0.031894
29070,20.96,0.000008
29075,-6.43,0.232480
29080,-2.20,0.121215
29085,4.14,0.026748
29090,-6.56,0.233128
29095,22.67,0.000004
29100,21.46,0.000003
29105,7.52,0.008924
29110,18.83,0.000020
29115,20.81,0.000007
29120,-11.41,0.403617
29125,14.04,0.000200
29130,-13.40,0.470598
29135,11.94,0.000759
29140,1.27,0.064676
29145,-4.63,0.187534
29150,-0.51,0.086424
29155,-14.29,0.494165
29160,12.28,0.000451
29165,14.18,0.000167
29170,-13.34,0.467895
29175,24.57,0.000004
29180,-2.71,0.140498
29185,18.98,0.000007
29190,-12.10,0.425161
29195,-1.97,0.116883
29200,-10.34,0.362201
29205,-1.39,0.108001
29210,-0.20,0.085152
29215,-3.32,0.146954
29220,9.83,0.003324
29225,13.12,0.000356
29230,3.49,0.033547
29235,-1.60,0.113027
29240,19.71,0.000014
29245,-0.04,0.079818
29250,3.91,0.033119
29255,2.44,0.046582
29260,-13.81,0.483322
29265,19.90,0.000011
29270,3.16,0.042602
29275,-8.10,0.289909
29280,-9.12,0.324418
29285,19.99,0.000007
29290,-7.55,0.273061
29295,-0.19,0.085996
29300,-12.17,0.434093
29305,19.48,0.000012
29310,12.71,0.000565
29315,-10.54,0.366837
29320,-12.80,0.448326
29325,5.59,0.020109
29330,2.00,0.053545
29335,-9.56,0.339537
29340,3.29,0.036979
29345,-6.79,0.244297
29350,-2.63,0.131608
29355,17.24,0.000117
29360,6.14,0.015300
29365,-4.15,0.173216
29370,1.82,0.058927
29375,19.53,0.000029
29380,-10.18,0.357833
29385,7.18,0.011580
29390,19.22,0.000011
29395,-13.01,0.451927
29400,8.85,0.003864
29405,-13.99,0.484475
29410,8.99,0.004049
29415,13.55,0.000329
29420,9.14,0.004221
29425,-4.41,0.178248
29430,20.39,0.000040
29435,-2.62,0.134758
29440,-8.03,0.288524
29445,18.16,0.000016
29450,-3.31,0.152725
29455,11.19,0.001311
29460,0.67,0.070844
29465,-10.46,0.369946
29470,21.86,0.000004
29475,5.78,0.016346
29480,9.07,0.003829
29485,6.55,0.010803
29490,-3.79,0.161451
29495,-4.83,0.190107
29500,2.89,0.041768
29505,16.06,0.000030
29510,5.68,0.015582
29515,1.44,0.059118
29520,-1.13,0.102255
29525,-8.92,0.319453
29530,0.68,0.067209
29535,-10.56,0.370038
29540,-12.73,0.449102
29545,13.76,0.000263
29550,-14.98,0.515999
29555,12.11,0.000719
29560,-4.04,0.167654
29565,21.44,0.000023
29570,24.53,0.000009
29575,24.85,0.000008
29580,24.72,0.000007
29585,20.83,0.000033
29590,22.44,0.000013
29595,20.64,0.000009
29600,-11.84,0.414499
29605,-8.27,0.297081
29610,16.21,0.000056
29615,6.72,0.010219
29620,-11.57,0.404999
29625,1.80,0.053040
29630,15.66,0.000092
29635,-0.17,0.088653
29640,5.16,0.019438
29645,-12.21,0.425457
29650,-9.96,0.351200
29655,-4.91,0.195831
29660,-6.56,0.235757
29665,-4.25,0.180190
29670,-14.89,0.520042
29675,10.59,0.002563
29680,24.55,0.000004
29685,23.81,0.000003
29690,17.83,0.000032
29695,13.85,0.000369
29700,6.02,0.014045
29705,22.63,0.000006
29710,23.21,0.000026
29715,21.30,0.000005
29720,14.99,0.000160
29725,-11.84,0.412364
29730,-4.31,0.174149
29735,-12.72,0.443131
29740,19.50,0.000041
29745,13.00,0.000534
29750,22.77,0.000065
29755,18.05,0.000220
29760,20.81,0.000043
29765,-10.73,0.375645
29770,15.22,0.000130
29775,20.56,0.000020
29780,5.68,0.019547
29785,8.83,0.005303
29790,18.84,0.000008
29795,5.07,0.021668
29800,8.75,0.003937
29805,11.80,0.000806
29810,8.41,0.005403
29815,10.34,0.003305
29820,6.76,0.013069
29825,-2.76,0.136953
29830,14.08,0.000179
29835,-12.47,0.433330
29840,22.54,0.000007
29845,16.34,0.000038
29850,17.42,0.000050
29855,22.90,0.000004
29860,18.89,0.000012
29865,8.92,0.005254
29870,16.32,0.000032
29875,16.46,0.000061
29880,24.09,0.000005
29885,-3.67,0.160524
29890,0.83,0.070279
29895,-5.04,0.202134
29900,7.90,0.008081
29905,17.57,0.000118
29910,18.13,0.000021
29915,16.37,0.000108
29920,-3.40,0.150644
29925,0.90,0.064740
29930,20.04,0.000016
29935,-6.88,0.249709
29940,15.28,0.000081
29945,-9.72,0.344985
29950,22.16,0.000003
29955,16.05,0.000052
29960,11.31,0.000840
29965,13.20,0.000551
29970,9.57,0.003255
29975,11.11,0.001245
29980,-10.15,0.356171
29985,14.09,0.000431
29990,22.28,0.000002
29995,23.22,0.000004
